team,jersey,player_tm,tm_url,pos,dob,club,market_value,birthplace_city,birthplace_country,birthplace_lat,birthplace_lon
Algeria,1,Melvin Mastil,https://www.transfermarkt.com/melvin-mastil/profil/spieler/534398,Goalkeeper,2000-02-19,FC Stade Nyonnais,250000.0,Thonon-les-Bains,France,46.3731303,6.4779448
Algeria,2,Aïssa Mandi,https://www.transfermarkt.com/aissa-mandi/profil/spieler/80293,Centre-Back,1991-10-22,LOSC Lille,1000000.0,Châlons-en-Champagne,France,48.9566218,4.3628851
Algeria,3,Achref Abada,https://www.transfermarkt.com/achref-abada/profil/spieler/949929,Centre-Back,1999-06-15,USM Alger,1000000.0,Touggourt,Algeria,33.1048574,6.0667276
Algeria,4,Mohamed Amine Tougai,https://www.transfermarkt.com/mohamed-amine-tougai/profil/spieler/592396,Centre-Back,2000-01-22,Esperance Tunis,1300000.0,Algier,Algeria,36.7729333,3.0588445
Algeria,5,Zineddine Belaid,https://www.transfermarkt.com/zineddine-belaid/profil/spieler/625142,Centre-Back,1999-03-20,JS Kabylie,1800000.0,Thénia,Algeria,36.724986,3.556935
Algeria,6,Ramiz Zerrouki,https://www.transfermarkt.com/ramiz-zerrouki/profil/spieler/416660,Defensive Midfield,1998-05-26,FC Twente Enschede,6500000.0,Amsterdam,Netherlands,52.3730796,4.8924534
Algeria,7,Riyad Mahrez,https://www.transfermarkt.com/riyad-mahrez/profil/spieler/171424,Right Winger,1991-02-21,Al-Ahli SFC,5000000.0,Clichy,France,48.9026,2.30551
Algeria,8,Houssem Aouar,https://www.transfermarkt.com/houssem-aouar/profil/spieler/395693,Attacking Midfield,1998-06-30,Al-Ittihad Club,8000000.0,Lyon,France,45.7578137,4.8320114
Algeria,9,Amine Gouiri,https://www.transfermarkt.com/amine-gouiri/profil/spieler/418659,Centre-Forward,2000-02-16,Olympique Marseille,28000000.0,Bourgoin-Jallieu,France,45.5860438,5.2772265
Algeria,10,Farès Chaïbi,https://www.transfermarkt.com/fares-chaibi/profil/spieler/855015,Attacking Midfield,2002-11-28,Eintracht Frankfurt,15000000.0,Lyon,France,45.7578137,4.8320114
Algeria,11,Anis Hadj Moussa,https://www.transfermarkt.com/anis-hadj-moussa/profil/spieler/917911,Right Winger,2002-02-11,Feyenoord Rotterdam,23000000.0,Paris,France,48.8588897,2.320041
Algeria,12,Nadhir Benbouali,https://www.transfermarkt.com/nadhir-benbouali/profil/spieler/840254,Centre-Forward,2000-04-17,ETO FC,1200000.0,Chlef,Algeria,36.1649385,1.3315687
Algeria,13,Jaouen Hadjam,https://www.transfermarkt.com/jaouen-hadjam/profil/spieler/750903,Left-Back,2003-03-26,BSC Young Boys,7000000.0,Paris,France,48.8588897,2.320041
Algeria,14,Hicham Boudaoui,https://www.transfermarkt.com/hicham-boudaoui/profil/spieler/560593,Central Midfield,1999-09-23,OGC Nice,12000000.0,Béchar,Algeria,31.385726,-2.0115958
Algeria,15,Rayan Aït-Nouri,https://www.transfermarkt.com/rayan-ait-nouri/profil/spieler/578391,Left-Back,2001-06-06,Manchester City,40000000.0,Montreuil,France,50.4638918,1.7631125
Algeria,16,Oussama Benbout,https://www.transfermarkt.com/oussama-benbout/profil/spieler/437982,Goalkeeper,1994-10-11,USM Alger,850000.0,Aïn M'lila,Algeria,36.0375444,6.570986
Algeria,17,Rafik Belghali,https://www.transfermarkt.com/rafik-belghali/profil/spieler/864306,Right-Back,2002-06-07,Hellas Verona,7000000.0,Leuven,Belgium,50.879202,4.7011675
Algeria,18,Mohamed Amoura,https://www.transfermarkt.com/mohamed-amoura/profil/spieler/746910,Centre-Forward,2000-05-09,VfL Wolfsburg,20000000.0,Tahir,Algeria,36.7712912,5.897589
Algeria,19,Nabil Bentaleb,https://www.transfermarkt.com/nabil-bentaleb/profil/spieler/245537,Defensive Midfield,1994-11-24,LOSC Lille,4500000.0,Lille,France,50.6365654,3.0635282
Algeria,20,Adil Boulbina,https://www.transfermarkt.com/adil-boulbina/profil/spieler/748443,Left Winger,2003-05-02,Al-Duhail SC,3000000.0,El Milia,Algeria,36.7514104,6.2744614
Algeria,21,Ramy Bensebaini,https://www.transfermarkt.com/ramy-bensebaini/profil/spieler/284732,Centre-Back,1995-04-16,Borussia Dortmund,7000000.0,Constantine,Algeria,36.3641642,6.6084281
Algeria,22,Ibrahim Maza,https://www.transfermarkt.com/ibrahim-maza/profil/spieler/905011,Attacking Midfield,2005-11-24,Bayer 04 Leverkusen,45000000.0,Berlin,Germany,52.5173885,13.3951309
Algeria,23,Luca Zidane,https://www.transfermarkt.com/luca-zidane/profil/spieler/283489,Goalkeeper,1998-05-13,Granada CF,1000000.0,Marseille,France,43.2963986,5.3777888
Algeria,24,Yassine Titraoui,https://www.transfermarkt.com/yassine-titraoui/profil/spieler/748445,Central Midfield,2003-07-26,Royal Charleroi SC,7000000.0,M'Sila,Algeria,35.1300205,4.2003107
Algeria,25,Farès Ghedjemis,https://www.transfermarkt.com/fares-ghedjemis/profil/spieler/888738,Right Winger,2002-09-06,Frosinone Calcio,7500000.0,Montreuil,France,50.4638918,1.7631125
Algeria,26,Samir Chergui,https://www.transfermarkt.com/samir-chergui/profil/spieler/668167,Centre-Back,1999-02-06,Paris FC,3000000.0,Arpajon,France,44.9034428,2.4570176
Argentina,1,Juan Musso,https://www.transfermarkt.com/juan-musso/profil/spieler/242359,Goalkeeper,1994-05-06,Atlético de Madrid,3000000.0,San Nicolás de los Arroyos,Argentina,-33.3277089,-60.2165909
Argentina,2,Marcos Senesi,https://www.transfermarkt.com/marcos-senesi/profil/spieler/469781,Centre-Back,1997-05-10,AFC Bournemouth,25000000.0,Concordia,Argentina,-31.3972539,-58.0173305
Argentina,3,Nicolás Tagliafico,https://www.transfermarkt.com/nicolas-tagliafico/profil/spieler/131225,Left-Back,1992-08-31,Olympique Lyon,4000000.0,Rafael Calzada,Argentina,-34.7916002,-58.3507175
Argentina,4,Gonzalo Montiel,https://www.transfermarkt.com/gonzalo-montiel/profil/spieler/402733,Right-Back,1997-01-01,CA River Plate,4500000.0,González Catán,Argentina,-34.769249,-58.6480318
Argentina,5,Leandro Paredes,https://www.transfermarkt.com/leandro-paredes/profil/spieler/166237,Defensive Midfield,1994-06-29,CA Boca Juniors,5000000.0,San Justo,Argentina,-34.6774186,-58.5607837
Argentina,6,Lisandro Martínez,https://www.transfermarkt.com/lisandro-martinez/profil/spieler/480762,Centre-Back,1998-01-18,Manchester United,40000000.0,Gualeguay,Argentina,-33.1504259,-59.3106789
Argentina,7,Rodrigo De Paul,https://www.transfermarkt.com/rodrigo-de-paul/profil/spieler/255901,Central Midfield,1994-05-24,Inter Miami CF,14000000.0,Sarandí,Argentina,-34.680758,-58.3463289
Argentina,8,Valentín Barco,https://www.transfermarkt.com/valentin-barco/profil/spieler/849410,Central Midfield,2004-07-23,RC Strasbourg Alsace,40000000.0,25 de Mayo,Argentina,-35.4324152,-60.171624
Argentina,9,Julián Alvarez,https://www.transfermarkt.com/julian-alvarez/profil/spieler/576024,Centre-Forward,2000-01-31,Atlético de Madrid,100000000.0,Calchín,Argentina,-31.666667,-63.2
Argentina,10,Lionel Messi,https://www.transfermarkt.com/lionel-messi/profil/spieler/28003,Right Winger,1987-06-24,Inter Miami CF,15000000.0,Rosario,Argentina,-32.9593609,-60.6617024
Argentina,11,Giovani Lo Celso,https://www.transfermarkt.com/giovani-lo-celso/profil/spieler/348795,Attacking Midfield,1996-04-09,Real Betis Balompié,8000000.0,Rosario,Argentina,-32.9593609,-60.6617024
Argentina,12,Gerónimo Rulli,https://www.transfermarkt.com/geronimo-rulli/profil/spieler/229604,Goalkeeper,1992-05-20,Olympique Marseille,6000000.0,La Plata,Argentina,-34.9206797,-57.9537638
Argentina,13,Cristian Romero,https://www.transfermarkt.com/cristian-romero/profil/spieler/355915,Centre-Back,1998-04-27,Tottenham Hotspur,45000000.0,Córdoba,Argentina,-31.4166867,-64.1834193
Argentina,14,Exequiel Palacios,https://www.transfermarkt.com/exequiel-palacios/profil/spieler/401578,Central Midfield,1998-10-05,Bayer 04 Leverkusen,25000000.0,Famaillá,Argentina,-27.054364,-65.4020439
Argentina,15,Nico González,https://www.transfermarkt.com/nico-gonzalez/profil/spieler/486031,Left Winger,1998-04-06,Atlético de Madrid,22000000.0,Belén de Escobar,Argentina,-34.3453213,-58.7950701
Argentina,16,Thiago Almada,https://www.transfermarkt.com/thiago-almada/profil/spieler/576028,Left Winger,2001-04-26,Atlético de Madrid,15000000.0,Ciudadela,Argentina,-34.6399288,-58.5410771
Argentina,17,Giuliano Simeone,https://www.transfermarkt.com/giuliano-simeone/profil/spieler/742201,Right Winger,2002-12-18,Atlético de Madrid,40000000.0,Roma,Italy,41.8933203,12.4829321
Argentina,18,Nico Paz,https://www.transfermarkt.com/nico-paz/profil/spieler/948294,Attacking Midfield,2004-09-08,Como 1907,80000000.0,Santa Cruz de Tenerife,Spain,28.467178,-16.2507843
Argentina,19,Nicolás Otamendi,https://www.transfermarkt.com/nicolas-otamendi/profil/spieler/54781,Centre-Back,1988-02-12,SL Benfica,1000000.0,El Talar,Argentina,-23.5575972,-64.3615471
Argentina,20,Alexis Mac Allister,https://www.transfermarkt.com/alexis-mac-allister/profil/spieler/534033,Central Midfield,1998-12-24,Liverpool FC,70000000.0,Santa Rosa,Argentina,-36.6203503,-64.2905765
Argentina,21,José Manuel López,https://www.transfermarkt.com/jose-manuel-lopez/profil/spieler/844797,Centre-Forward,2000-12-06,Sociedade Esportiva Palmeiras,25000000.0,San Lorenzo,Argentina,-32.7454865,-60.743091
Argentina,22,Lautaro Martínez,https://www.transfermarkt.com/lautaro-martinez/profil/spieler/406625,Centre-Forward,1997-08-22,Inter Milan,85000000.0,Bahía Blanca,Argentina,-38.7176522,-62.2654871
Argentina,23,Emiliano Martínez,https://www.transfermarkt.com/emiliano-martinez/profil/spieler/111873,Goalkeeper,1992-09-02,Aston Villa,12000000.0,Mar del Plata,Argentina,-37.9976168,-57.5482079
Argentina,24,Enzo Fernández,https://www.transfermarkt.com/enzo-fernandez/profil/spieler/648195,Central Midfield,2001-01-17,Chelsea FC,90000000.0,San Martín,Argentina,-34.5771577,-58.5377237
Argentina,25,Facundo Medina,https://www.transfermarkt.com/facundo-medina/profil/spieler/474800,Centre-Back,1999-05-28,Olympique Marseille,18000000.0,Villa Fiorito,Argentina,-34.7060254,-58.4385267
Argentina,26,Nahuel Molina,https://www.transfermarkt.com/nahuel-molina/profil/spieler/424042,Right-Back,1998-04-06,Atlético de Madrid,15000000.0,Embalse,Argentina,-32.2067571,-64.4006283
Australia,1,Mathew Ryan,https://www.transfermarkt.com/mathew-ryan/profil/spieler/128969,Goalkeeper,1992-04-08,Levante UD,1800000.0,Plumpton,Australia,-33.7566667,150.8427778
Australia,2,Milos Degenek,https://www.transfermarkt.com/milos-degenek/profil/spieler/187353,Centre-Back,1994-04-28,APOEL Nicosia,450000.0,Knin,Yugoslavia (Republic),,
Australia,3,Alessandro Circati,https://www.transfermarkt.com/alessandro-circati/profil/spieler/867137,Centre-Back,2003-10-10,Parma Calcio 1913,12000000.0,Fidenza,Italy,44.866522,10.0611939
Australia,4,Jacob Italiano,https://www.transfermarkt.com/jacob-italiano/profil/spieler/545810,Right-Back,2001-07-30,Grazer AK 1902,600000.0,Perth,Australia,-31.9558967,115.8605784
Australia,5,Jordan Bos,https://www.transfermarkt.com/jordan-bos/profil/spieler/855731,Left-Back,2002-10-29,Feyenoord Rotterdam,12000000.0,Melbourne,Australia,-37.8142454,144.9631732
Australia,6,Jason Geria,https://www.transfermarkt.com/jason-geria/profil/spieler/185175,Right-Back,1993-05-10,Albirex Niigata,350000.0,Canberra,Australia,-35.2975906,149.1012676
Australia,7,Mathew Leckie,https://www.transfermarkt.com/mathew-leckie/profil/spieler/126214,Left Winger,1991-02-04,Melbourne City FC,300000.0,Melbourne,Australia,-37.8142454,144.9631732
Australia,8,Connor Metcalfe,https://www.transfermarkt.com/connor-metcalfe/profil/spieler/522223,Central Midfield,1999-11-05,FC St. Pauli,1500000.0,Newcastle,Australia,-32.9192953,151.7795348
Australia,9,Mohamed Touré,https://www.transfermarkt.com/mohamed-toure/profil/spieler/742770,Centre-Forward,2004-03-26,Norwich City,8000000.0,Conakry,Guinea,9.5170602,-13.6998434
Australia,10,Ajdin Hrustic,https://www.transfermarkt.com/ajdin-hrustic/profil/spieler/265625,Central Midfield,1996-07-05,Heracles Almelo,600000.0,Melbourne,Australia,-37.8142454,144.9631732
Australia,11,Awer Mabil,https://www.transfermarkt.com/awer-mabil/profil/spieler/255729,Left Winger,1995-09-15,CD Castellón,500000.0,Kakuma,Kenya,3.706286,34.873489
Australia,12,Paul Izzo,https://www.transfermarkt.com/paul-izzo/profil/spieler/181921,Goalkeeper,1995-01-06,Randers FC,500000.0,Adelaide,Australia,-34.9281805,138.5999312
Australia,13,Aiden O'Neill,https://www.transfermarkt.com/aiden-oneill/profil/spieler/385918,Defensive Midfield,1998-07-04,New York City FC,3000000.0,Brisbane,Australia,-27.4689623,153.0235009
Australia,14,Cammy Devlin,https://www.transfermarkt.com/cammy-devlin/profil/spieler/399162,Central Midfield,1998-06-07,Heart of Midlothian FC,2000000.0,Sydney,Australia,-33.8698439,151.2082848
Australia,15,Kai Trewin,https://www.transfermarkt.com/kai-trewin/profil/spieler/691326,Defensive Midfield,2001-05-18,New York City FC,1800000.0,Batemans Bay,Australia,-35.7072183,150.178289
Australia,16,Aziz Behich,https://www.transfermarkt.com/aziz-behich/profil/spieler/136834,Left-Back,1990-12-16,Melbourne City FC,250000.0,Melbourne,Australia,-37.8142454,144.9631732
Australia,17,Nestory Irankunda,https://www.transfermarkt.com/nestory-irankunda/profil/spieler/956920,Right Winger,2006-02-09,Watford FC,8000000.0,Kigoma,Tanzania,-4.5126571,30.0050533
Australia,18,Patrick Beach,https://www.transfermarkt.com/patrick-beach/profil/spieler/983578,Goalkeeper,2003-08-06,Melbourne City FC,1000000.0,Sydney,Australia,-33.8698439,151.2082848
Australia,19,Harry Souttar,https://www.transfermarkt.com/harry-souttar/profil/spieler/298091,Centre-Back,1998-10-22,Leicester City,3500000.0,Aberdeen,Scotland,57.1482429,-2.0928095
Australia,20,Cristian Volpato,https://www.transfermarkt.com/cristian-volpato/profil/spieler/746891,Attacking Midfield,2003-11-15,US Sassuolo,10000000.0,Camperdown,Australia,-33.8896116,151.1800986
Australia,21,Cameron Burgess,https://www.transfermarkt.com/cameron-burgess/profil/spieler/255788,Centre-Back,1995-10-21,Swansea City,1500000.0,Aberdeen,Scotland,57.1482429,-2.0928095
Australia,22,Jackson Irvine,https://www.transfermarkt.com/jackson-irvine/profil/spieler/192557,Central Midfield,1993-03-07,FC St. Pauli,1000000.0,Melbourne,Australia,-37.8142454,144.9631732
Australia,23,Nishan Velupillay,https://www.transfermarkt.com/nishan-velupillay/profil/spieler/888140,Left Winger,2001-05-07,Melbourne Victory,650000.0,Melbourne,Australia,-37.8142454,144.9631732
Australia,24,Paul Okon-Engstler,https://www.transfermarkt.com/paul-okon-engstler/profil/spieler/1064377,Defensive Midfield,2005-01-24,Sydney FC,1200000.0,Oostende,Belgium,51.2258565,2.919496
Australia,25,Lucas Herrington,https://www.transfermarkt.com/lucas-herrington/profil/spieler/1279984,Centre-Back,2007-09-05,Colorado Rapids,4500000.0,Brisbane,Australia,-27.4689623,153.0235009
Australia,26,Tete Yengi,https://www.transfermarkt.com/tete-yengi/profil/spieler/849429,Centre-Forward,2000-11-28,Machida Zelvia,450000.0,Adelaide,Australia,-34.9281805,138.5999312
Austria,1,Alexander Schlager,https://www.transfermarkt.com/alexander-schlager/profil/spieler/186374,Goalkeeper,1996-02-01,Red Bull Salzburg,2000000.0,Salzburg,Austria,47.7981346,13.0464806
Austria,2,David Affengruber,https://www.transfermarkt.com/david-affengruber/profil/spieler/452483,Centre-Back,2001-03-19,Elche CF,20000000.0,Scheibbs,Austria,48.0053866,15.1674871
Austria,3,Kevin Danso,https://www.transfermarkt.com/kevin-danso/profil/spieler/263236,Centre-Back,1998-09-19,Tottenham Hotspur,20000000.0,Voitsberg,Austria,47.0504742,15.1474771
Austria,4,Xaver Schlager,https://www.transfermarkt.com/xaver-schlager/profil/spieler/223979,Central Midfield,1997-09-28,RB Leipzig,10000000.0,Linz,Austria,48.3059078,14.286198
Austria,5,Stefan Posch,https://www.transfermarkt.com/stefan-posch/profil/spieler/223974,Centre-Back,1997-05-14,1.FSV Mainz 05,6000000.0,Judenburg,Austria,47.1694082,14.6601079
Austria,6,Nicolas Seiwald,https://www.transfermarkt.com/nicolas-seiwald/profil/spieler/404950,Defensive Midfield,2001-05-04,RB Leipzig,25000000.0,Kuchl,Austria,47.6258369,13.1451024
Austria,7,Marko Arnautovic,https://www.transfermarkt.com/marko-arnautovic/profil/spieler/41384,Centre-Forward,1989-04-19,Red Star Belgrade,2000000.0,Wien,Austria,48.2083537,16.3725042
Austria,8,David Alaba,https://www.transfermarkt.com/david-alaba/profil/spieler/59016,Centre-Back,1992-06-24,Real Madrid,3000000.0,Wien,Austria,48.2083537,16.3725042
Austria,9,Marcel Sabitzer,https://www.transfermarkt.com/marcel-sabitzer/profil/spieler/106987,Central Midfield,1994-03-17,Borussia Dortmund,6000000.0,Wels,Austria,48.1565472,14.0243752
Austria,10,Florian Grillitsch,https://www.transfermarkt.com/florian-grillitsch/profil/spieler/195736,Defensive Midfield,1995-08-07,SC Braga,2500000.0,Neunkirchen,Austria,47.7221147,16.081602
Austria,11,Michael Gregoritsch,https://www.transfermarkt.com/michael-gregoritsch/profil/spieler/120205,Centre-Forward,1994-04-18,FC Augsburg,1500000.0,Graz,Austria,47.0708678,15.4382786
Austria,12,Florian Wiegele,https://www.transfermarkt.com/florian-wiegele/profil/spieler/393999,Goalkeeper,2001-03-21,FC Viktoria Plzen,2200000.0,Graz,Austria,47.0708678,15.4382786
Austria,13,Patrick Pentz,https://www.transfermarkt.com/patrick-pentz/profil/spieler/223972,Goalkeeper,1997-01-02,Bröndby IF,2200000.0,Salzburg,Austria,47.7981346,13.0464806
Austria,14,Sasa Kalajdzic,https://www.transfermarkt.com/sasa-kalajdzic/profil/spieler/369567,Centre-Forward,1997-07-07,LASK,4000000.0,Wien,Austria,48.2083537,16.3725042
Austria,15,Philipp Lienhart,https://www.transfermarkt.com/philipp-lienhart/profil/spieler/225657,Centre-Back,1996-07-11,SC Freiburg,10000000.0,Lilienfeld,Austria,48.0149797,15.5966191
Austria,16,Phillipp Mwene,https://www.transfermarkt.com/phillipp-mwene/profil/spieler/127573,Left-Back,1994-01-29,1.FSV Mainz 05,1500000.0,Wien,Austria,48.2083537,16.3725042
Austria,17,Carney Chukwuemeka,https://www.transfermarkt.com/carney-chukwuemeka/profil/spieler/659459,Central Midfield,2003-10-20,Borussia Dortmund,20000000.0,Wien,Austria,48.2083537,16.3725042
Austria,18,Romano Schmid,https://www.transfermarkt.com/romano-schmid/profil/spieler/346853,Attacking Midfield,2000-01-27,SV Werder Bremen,15000000.0,Graz,Austria,47.0708678,15.4382786
Austria,19,Dejan Ljubicic,https://www.transfermarkt.com/dejan-ljubicic/profil/spieler/287188,Defensive Midfield,1997-10-08,FC Schalke 04,3000000.0,Wien,Austria,48.2083537,16.3725042
Austria,20,Konrad Laimer,https://www.transfermarkt.com/konrad-laimer/profil/spieler/223967,Right-Back,1997-05-27,Bayern Munich,32000000.0,Salzburg,Austria,47.7981346,13.0464806
Austria,21,Patrick Wimmer,https://www.transfermarkt.com/patrick-wimmer/profil/spieler/533295,Right Winger,2001-05-30,VfL Wolfsburg,12000000.0,Tulln,Austria,48.3311702,16.05179
Austria,22,Alexander Prass,https://www.transfermarkt.com/alexander-prass/profil/spieler/434116,Left Midfield,2001-05-26,TSG 1899 Hoffenheim,9000000.0,Hellmonsödt,Austria,48.4317006,14.3000344
Austria,23,Marco Friedl,https://www.transfermarkt.com/marco-friedl/profil/spieler/156990,Centre-Back,1998-03-16,SV Werder Bremen,10000000.0,Kirchbichl,Austria,47.5111617,12.0859208
Austria,24,Paul Wanner,https://www.transfermarkt.com/paul-wanner/profil/spieler/900909,Central Midfield,2005-12-23,PSV Eindhoven,22000000.0,Dornbirn,Austria,47.4136351,9.7423762
Austria,25,Michael Svoboda,https://www.transfermarkt.com/michael-svoboda/profil/spieler/438961,Centre-Back,1998-10-15,Venezia FC,3500000.0,Wien,Austria,48.2083537,16.3725042
Austria,26,Alessandro Schöpf,https://www.transfermarkt.com/alessandro-schopf/profil/spieler/118397,Central Midfield,1994-02-07,Wolfsberger AC,800000.0,Umhausen,Austria,47.1379396,10.9298872
Belgium,1,Thibaut Courtois,https://www.transfermarkt.com/thibaut-courtois/profil/spieler/108390,Goalkeeper,1992-05-11,Real Madrid,15000000.0,Bree,Belgium,51.1416131,5.5974552
Belgium,2,Zeno Debast,https://www.transfermarkt.com/zeno-debast/profil/spieler/548193,Centre-Back,2003-10-24,Sporting CP,28000000.0,Halle,Belgium,50.7360524,4.2374349
Belgium,3,Arthur Theate,https://www.transfermarkt.com/arthur-theate/profil/spieler/368891,Centre-Back,2000-05-25,Eintracht Frankfurt,17000000.0,Liège,Belgium,50.6450944,5.5736112
Belgium,4,Brandon Mechele,https://www.transfermarkt.com/brandon-mechele/profil/spieler/236168,Centre-Back,1993-01-28,Club Brugge KV,2800000.0,Bredene,Belgium,51.2389408,2.9724493
Belgium,5,Maxim De Cuyper,https://www.transfermarkt.com/maxim-de-cuyper/profil/spieler/429915,Left-Back,2000-12-22,Brighton & Hove Albion,22000000.0,Knokke-Heist,Belgium,51.3433866,3.2884738
Belgium,6,Axel Witsel,https://www.transfermarkt.com/axel-witsel/profil/spieler/35047,Defensive Midfield,1989-01-12,Girona FC,1200000.0,Liège,Belgium,50.6450944,5.5736112
Belgium,7,Kevin De Bruyne,https://www.transfermarkt.com/kevin-de-bruyne/profil/spieler/88755,Attacking Midfield,1991-06-28,SSC Napoli,8000000.0,Drongen,Belgium,51.0504639,3.6639157
Belgium,8,Youri Tielemans,https://www.transfermarkt.com/youri-tielemans/profil/spieler/249565,Central Midfield,1997-05-07,Aston Villa,30000000.0,Sint-Pieters-Leeuw,Belgium,50.7800261,4.2443604
Belgium,9,Romelu Lukaku,https://www.transfermarkt.com/romelu-lukaku/profil/spieler/96341,Centre-Forward,1993-05-13,SSC Napoli,6000000.0,Antwerpen,Belgium,51.2211097,4.3997081
Belgium,10,Leandro Trossard,https://www.transfermarkt.com/leandro-trossard/profil/spieler/144028,Left Winger,1994-12-04,Arsenal FC,18000000.0,Waterschei,Belgium,50.9958545,5.5223907
Belgium,11,Jérémy Doku,https://www.transfermarkt.com/jeremy-doku/profil/spieler/486049,Left Winger,2002-05-27,Manchester City,75000000.0,Borgerhout,Belgium,51.2128453,4.4462406
Belgium,12,Senne Lammens,https://www.transfermarkt.com/senne-lammens/profil/spieler/503883,Goalkeeper,2002-07-07,Manchester United,35000000.0,Zottegem,Belgium,50.8642312,3.8102686
Belgium,13,Mike Penders,https://www.transfermarkt.com/mike-penders/profil/spieler/834397,Goalkeeper,2005-07-31,RC Strasbourg Alsace,25000000.0,Maasmechelen,Belgium,50.9634179,5.6960212
Belgium,14,Dodi Lukébakio,https://www.transfermarkt.com/dodi-lukebakio/profil/spieler/303259,Right Winger,1997-09-24,SL Benfica,15000000.0,Brussels,Belgium,50.8467372,4.352493
Belgium,15,Thomas Meunier,https://www.transfermarkt.com/thomas-meunier/profil/spieler/100986,Right-Back,1991-09-12,LOSC Lille,1500000.0,Bastogne,Belgium,50.0023102,5.7173386
Belgium,16,Koni De Winter,https://www.transfermarkt.com/koni-de-winter/profil/spieler/490384,Centre-Back,2002-06-12,AC Milan,23000000.0,Antwerpen,Belgium,51.2211097,4.3997081
Belgium,17,Charles De Ketelaere,https://www.transfermarkt.com/charles-de-ketelaere/profil/spieler/435772,Attacking Midfield,2001-03-10,Atalanta BC,30000000.0,Brugge,Belgium,51.2085526,3.226772
Belgium,18,Joaquin Seys,https://www.transfermarkt.com/joaquin-seys/profil/spieler/981196,Left-Back,2005-03-28,Club Brugge KV,20000000.0,Oostende,Belgium,51.2258565,2.919496
Belgium,19,Diego Moreira,https://www.transfermarkt.com/diego-moreira/profil/spieler/655006,Left Midfield,2004-08-06,RC Strasbourg Alsace,25000000.0,Liège,Belgium,50.6450944,5.5736112
Belgium,20,Hans Vanaken,https://www.transfermarkt.com/hans-vanaken/profil/spieler/137576,Attacking Midfield,1992-08-24,Club Brugge KV,5000000.0,Neerpelt,Belgium,51.2292367,5.442759
Belgium,21,Timothy Castagne,https://www.transfermarkt.com/timothy-castagne/profil/spieler/262226,Right-Back,1995-12-05,Fulham FC,8000000.0,Arlon,Belgium,49.6834601,5.8167711
Belgium,22,Alexis Saelemaekers,https://www.transfermarkt.com/alexis-saelemaekers/profil/spieler/381950,Right Midfield,1999-06-27,AC Milan,20000000.0,Berchem-Sainte-Agathe,Belgium,50.8649231,4.2946734
Belgium,23,Nicolas Raskin,https://www.transfermarkt.com/nicolas-raskin/profil/spieler/422763,Defensive Midfield,2001-02-23,Rangers FC,12000000.0,Liège,Belgium,50.6450944,5.5736112
Belgium,24,Amadou Onana,https://www.transfermarkt.com/amadou-onana/profil/spieler/485706,Defensive Midfield,2001-08-16,Aston Villa,45000000.0,Dakar,Senegal,14.693425,-17.447938
Belgium,25,Nathan Ngoy,https://www.transfermarkt.com/nathan-ngoy/profil/spieler/548254,Centre-Back,2003-06-10,LOSC Lille,25000000.0,Brussel,Belgium,50.8551025,4.3510915
Belgium,26,Matias Fernandez-Pardo,https://www.transfermarkt.com/matias-fernandez-pardo/profil/spieler/724129,Centre-Forward,2005-02-03,LOSC Lille,35000000.0,Brussel,Belgium,50.8551025,4.3510915
Bosnia-Herzegovina,1,Nikola Vasilj,https://www.transfermarkt.com/nikola-vasilj/profil/spieler/248454,Goalkeeper,1995-12-02,FC St. Pauli,4500000.0,Mostar,Bosnia-Herzegovina,43.3435855,17.8076584
Bosnia-Herzegovina,2,Nihad Mujakic,https://www.transfermarkt.com/nihad-mujakic/profil/spieler/380919,Centre-Back,1998-04-15,Gaziantep FK,1200000.0,Sarajevo,Bosnia-Herzegovina,43.8570713,18.4126147
Bosnia-Herzegovina,3,Dennis Hadzikadunic,https://www.transfermarkt.com/dennis-hadzikadunic/profil/spieler/322065,Centre-Back,1998-07-09,UC Sampdoria,1200000.0,Malmö,Sweden,55.6052931,13.0001566
Bosnia-Herzegovina,4,Tarik Muharemović,https://www.transfermarkt.com/tarik-muharemovic/profil/spieler/679423,Centre-Back,2003-02-28,US Sassuolo,25000000.0,Ljubljana,Slovenia,46.0500268,14.5069289
Bosnia-Herzegovina,5,Sead Kolasinac,https://www.transfermarkt.com/sead-kolasinac/profil/spieler/94005,Centre-Back,1993-06-20,Atalanta BC,4000000.0,Karlsruhe,Germany,49.0068705,8.4034195
Bosnia-Herzegovina,6,Benjamin Tahirović,https://www.transfermarkt.com/benjamin-tahirovic/profil/spieler/787907,Central Midfield,2003-03-03,Bröndby IF,4500000.0,Spånga,Sweden,59.3836259,17.8981821
Bosnia-Herzegovina,7,Amar Dedić,https://www.transfermarkt.com/amar-dedic/profil/spieler/519184,Right-Back,2002-08-18,SL Benfica,16000000.0,Zell am See,Austria,47.3239636,12.7963165
Bosnia-Herzegovina,8,Armin Gigovic,https://www.transfermarkt.com/armin-gigovic/profil/spieler/651269,Central Midfield,2002-04-06,BSC Young Boys,2500000.0,Lund,Sweden,55.7029296,13.1929449
Bosnia-Herzegovina,9,Samed Bazdar,https://www.transfermarkt.com/samed-bazdar/profil/spieler/710969,Centre-Forward,2004-01-31,Jagiellonia Bialystok,1500000.0,Novi Pazar,Serbia and Montenegro,,
Bosnia-Herzegovina,10,Ermedin Demirovic,https://www.transfermarkt.com/ermedin-demirovic/profil/spieler/335457,Centre-Forward,1998-03-25,VfB Stuttgart,22000000.0,Hamburg,Germany,53.5501721,10.0013165
Bosnia-Herzegovina,11,Edin Dzeko,https://www.transfermarkt.com/edin-dzeko/profil/spieler/28396,Centre-Forward,1986-03-17,FC Schalke 04,1000000.0,Sarajevo,Jugoslawien (SFR),,
Bosnia-Herzegovina,12,Mladen Jurkas,https://www.transfermarkt.com/mladen-jurkas/profil/spieler/952692,Goalkeeper,2007-10-07,FK Borac Banja Luka,700000.0,Doboj,Bosnia-Herzegovina,44.7324559,18.0850157
Bosnia-Herzegovina,13,Ivan Basic,https://www.transfermarkt.com/ivan-basic/profil/spieler/620560,Central Midfield,2002-04-30,FC Astana,1500000.0,Imotski,Croatia,43.4471115,17.2179703
Bosnia-Herzegovina,14,Ivan Šunjić,https://www.transfermarkt.com/ivan-sunjic/profil/spieler/226097,Defensive Midfield,1996-10-09,Pafos FC,2000000.0,Zenica,Bosnia-Herzegovina,44.199828,17.9093012
Bosnia-Herzegovina,15,Amar Memić,https://www.transfermarkt.com/amar-memic/profil/spieler/638990,Right Midfield,2001-01-20,FC Viktoria Plzen,4500000.0,Sarajevo,Bosnia-Herzegovina,43.8570713,18.4126147
Bosnia-Herzegovina,16,Amir Hadziahmetovic,https://www.transfermarkt.com/amir-hadziahmetovic/profil/spieler/293213,Defensive Midfield,1997-03-08,Hull City,4000000.0,Nexø,Denmark,55.0650145,15.1307273
Bosnia-Herzegovina,17,Dzenis Burnic,https://www.transfermarkt.com/dzenis-burnic/profil/spieler/251295,Defensive Midfield,1998-05-22,Karlsruher SC,1200000.0,Hamm,Germany,50.0165178,6.4184628
Bosnia-Herzegovina,18,Nikola Katic,https://www.transfermarkt.com/nikola-katic/profil/spieler/422051,Centre-Back,1996-10-10,FC Schalke 04,1800000.0,Ljubuški,Bosnia-Herzegovina,43.1963022,17.5447857
Bosnia-Herzegovina,19,Kerim Alajbegovic,https://www.transfermarkt.com/kerim-alajbegovic/profil/spieler/929994,Left Winger,2007-09-21,Red Bull Salzburg,22000000.0,Köln,Germany,50.938361,6.959974
Bosnia-Herzegovina,20,Esmir Bajraktarevic,https://www.transfermarkt.com/esmir-bajraktarevic/profil/spieler/925862,Right Winger,2005-03-10,PSV Eindhoven,8000000.0,"Appleton, Wisconsin",United States,44.2613967,-88.4069744
Bosnia-Herzegovina,21,Stjepan Radeljic,https://www.transfermarkt.com/stjepan-radeljic/profil/spieler/384568,Centre-Back,1997-09-05,HNK Rijeka,2800000.0,Nova Bila,Bosnia-Herzegovina,44.1968389,17.7303188
Bosnia-Herzegovina,22,Martin Zlomislic,https://www.transfermarkt.com/martin-zlomislic/profil/spieler/495320,Goalkeeper,1998-08-16,HNK Rijeka,2000000.0,Posušje,Bosnia-Herzegovina,43.4712288,17.3271281
Bosnia-Herzegovina,23,Haris Tabakovic,https://www.transfermarkt.com/haris-tabakovic/profil/spieler/203123,Centre-Forward,1994-06-20,Borussia Mönchengladbach,3500000.0,Grenchen,Switzerland,47.1911495,7.3967199
Bosnia-Herzegovina,24,Arjan Malic,https://www.transfermarkt.com/arjan-malic/profil/spieler/805534,Right-Back,2005-08-28,SK Sturm Graz,1800000.0,Jesenice,Slovenia,46.4459152,14.0663103
Bosnia-Herzegovina,25,Jovo Lukić,https://www.transfermarkt.com/jovo-lukic/profil/spieler/457738,Centre-Forward,1998-11-28,FC Universitatea Cluj,2200000.0,Šabac,Yugoslavia (Republic),,
Bosnia-Herzegovina,26,Ermin Mahmic,https://www.transfermarkt.com/ermin-mahmic/profil/spieler/803049,Attacking Midfield,2005-03-14,FC Slovan Liberec,5000000.0,Wels,Austria,48.1565472,14.0243752
Brazil,1,Alisson,https://www.transfermarkt.com/alisson/profil/spieler/105470,Goalkeeper,1992-10-02,Liverpool FC,15000000.0,Novo Hamburgo,Brazil,-29.6905705,-51.1429035
Brazil,2,Éderson,https://www.transfermarkt.com/ederson/profil/spieler/607854,Central Midfield,1999-07-07,Atalanta BC,45000000.0,Campo Grande,Brazil,-20.4640173,-54.6162947
Brazil,3,Gabriel,https://www.transfermarkt.com/gabriel/profil/spieler/435338,Centre-Back,1997-12-19,Arsenal FC,75000000.0,São Paulo,Brazil,-23.5506507,-46.6333824
Brazil,4,Marquinhos,https://www.transfermarkt.com/marquinhos/profil/spieler/181767,Centre-Back,1994-05-14,Paris Saint-Germain,28000000.0,São Paulo,Brazil,-23.5506507,-46.6333824
Brazil,5,Casemiro,https://www.transfermarkt.com/casemiro/profil/spieler/16306,Defensive Midfield,1992-02-23,Manchester United,6000000.0,São José dos Campos,Brazil,-23.1867782,-45.8854538
Brazil,6,Alex Sandro,https://www.transfermarkt.com/alex-sandro/profil/spieler/79960,Left-Back,1991-01-26,CR Flamengo,1000000.0,Catanduva,Brazil,-21.1331035,-48.9712817
Brazil,7,Vinicius Junior,https://www.transfermarkt.com/vinicius-junior/profil/spieler/371998,Left Winger,2000-07-12,Real Madrid,140000000.0,São Gonçalo,Brazil,-22.821635,-42.9956797
Brazil,8,Bruno Guimarães,https://www.transfermarkt.com/bruno-guimaraes/profil/spieler/520624,Central Midfield,1997-11-16,Newcastle United,70000000.0,Rio de Janeiro,Brazil,-22.9110137,-43.2093727
Brazil,9,Matheus Cunha,https://www.transfermarkt.com/matheus-cunha/profil/spieler/517894,Centre-Forward,1999-05-27,Manchester United,75000000.0,João Pessoa,Brazil,-7.1215981,-34.882028
Brazil,10,Neymar,https://www.transfermarkt.com/neymar/profil/spieler/68290,Attacking Midfield,1992-02-05,Santos FC,8000000.0,Mogi das Cruzes,Brazil,-23.5234284,-46.1926671
Brazil,11,Raphinha,https://www.transfermarkt.com/raphinha/profil/spieler/411295,Left Winger,1996-12-14,FC Barcelona,70000000.0,Porto Alegre,Brazil,-30.0324999,-51.2303767
Brazil,12,Weverton,https://www.transfermarkt.com/weverton/profil/spieler/69400,Goalkeeper,1987-12-13,Grêmio Foot-Ball Porto Alegrense,700000.0,Rio Branco,Brazil,-9.9765362,-67.8220778
Brazil,13,Danilo,https://www.transfermarkt.com/danilo/profil/spieler/145707,Centre-Back,1991-07-15,CR Flamengo,2000000.0,Bicas,Brazil,-21.7213723,-43.0604327
Brazil,14,Bremer,https://www.transfermarkt.com/bremer/profil/spieler/516716,Centre-Back,1997-03-18,Juventus FC,35000000.0,Itapitanga,Brazil,-14.4232006,-39.5649322
Brazil,15,Léo Pereira,https://www.transfermarkt.com/leo-pereira/profil/spieler/288431,Centre-Back,1996-01-31,CR Flamengo,12000000.0,Curitiba,Brazil,-25.4295963,-49.2712724
Brazil,16,Douglas Santos,https://www.transfermarkt.com/douglas-santos/profil/spieler/220793,Left-Back,1994-03-22,Zenit St. Petersburg,7500000.0,João Pessoa,Brazil,-7.1215981,-34.882028
Brazil,17,Fabinho,https://www.transfermarkt.com/fabinho/profil/spieler/225693,Defensive Midfield,1993-10-23,Al-Ittihad Club,12000000.0,Campinas,Brazil,-22.9056391,-47.059564
Brazil,18,Danilo,https://www.transfermarkt.com/danilo/profil/spieler/808509,Central Midfield,2001-04-29,Botafogo de Futebol e Regatas,32000000.0,Salvador,Brazil,-12.9822499,-38.4812772
Brazil,19,Endrick,https://www.transfermarkt.com/endrick/profil/spieler/971570,Centre-Forward,2006-07-21,Olympique Lyon,40000000.0,Taguatinga,Brazil,-12.402404,-46.4365769
Brazil,20,Lucas Paquetá,https://www.transfermarkt.com/lucas-paqueta/profil/spieler/444523,Attacking Midfield,1997-08-27,CR Flamengo,32000000.0,Rio de Janeiro,Brazil,-22.9110137,-43.2093727
Brazil,21,Luiz Henrique,https://www.transfermarkt.com/luiz-henrique/profil/spieler/800175,Right Winger,2001-01-02,Zenit St. Petersburg,24000000.0,Petrópolis,Brazil,-22.3880004,-43.1752593
Brazil,22,Gabriel Martinelli,https://www.transfermarkt.com/gabriel-martinelli/profil/spieler/655488,Left Winger,2001-06-18,Arsenal FC,45000000.0,Guarulhos,Brazil,-23.4675941,-46.5277704
Brazil,23,Ederson,https://www.transfermarkt.com/ederson/profil/spieler/238223,Goalkeeper,1993-08-17,Fenerbahce,10000000.0,Osasco,Brazil,-23.5324859,-46.7916801
Brazil,24,Roger Ibañez,https://www.transfermarkt.com/roger-ibanez/profil/spieler/524481,Centre-Back,1998-11-23,Al-Ahli SFC,18000000.0,Canela,Brazil,-29.3447033,-50.7604149
Brazil,25,Igor Thiago,https://www.transfermarkt.com/igor-thiago/profil/spieler/739443,Centre-Forward,2001-06-26,Brentford FC,65000000.0,Gama,Brazil,-16.0170857,-48.0653054
Brazil,26,Rayan,https://www.transfermarkt.com/rayan/profil/spieler/1012564,Right Winger,2006-08-03,AFC Bournemouth,60000000.0,Rio de Janeiro,Brazil,-22.9110137,-43.2093727
Canada,1,Dayne St. Clair,https://www.transfermarkt.com/dayne-st-clair/profil/spieler/439750,Goalkeeper,1997-05-09,Inter Miami CF,3500000.0,"Pickering, Ontario",Canada,43.835765,-79.090576
Canada,2,Alistair Johnston,https://www.transfermarkt.com/alistair-johnston/profil/spieler/637446,Right-Back,1998-10-08,Celtic FC,8000000.0,"Vancouver, British Columbia",Canada,49.2608724,-123.113952
Canada,3,Alfie Jones,https://www.transfermarkt.com/alfie-jones/profil/spieler/340990,Centre-Back,1997-10-07,Middlesbrough FC,6000000.0,Bristol,England,51.4538022,-2.5972985
Canada,4,Luc De Fougerolles,https://www.transfermarkt.com/luc-de-fougerolles/profil/spieler/921995,Centre-Back,2005-10-12,FCV Dender EH,1000000.0,London,England,51.5074456,-0.1277653
Canada,5,Joel Waterman,https://www.transfermarkt.com/joel-waterman/profil/spieler/441738,Centre-Back,1996-01-24,Chicago Fire FC,2000000.0,"Langley, British Columbia",Canada,49.1039289,-122.657047
Canada,6,Mathieu Choinière,https://www.transfermarkt.com/mathieu-choiniere/profil/spieler/589006,Central Midfield,1999-02-07,Los Angeles FC,800000.0,"Saint-Alexandre, Québec",Canada,47.6832387,-69.6239716
Canada,7,Stephen Eustaquio,https://www.transfermarkt.com/stephen-eustaquio/profil/spieler/512913,Central Midfield,1996-12-21,Los Angeles FC,6000000.0,"Leamington, Ontario",Canada,42.0531385,-82.5997722
Canada,7,Jayden Nelson,https://www.transfermarkt.com/jayden-nelson/profil/spieler/635445,Left Winger,2002-09-26,Austin FC,2000000.0,"Toronto, Ontario",Canada,43.6534817,-79.3839347
Canada,8,Ismaël Koné,https://www.transfermarkt.com/ismael-kone/profil/spieler/921655,Central Midfield,2002-06-16,US Sassuolo,25000000.0,Abidjan,Cote d'Ivoire,5.320357,-4.016107
Canada,9,Cyle Larin,https://www.transfermarkt.com/cyle-larin/profil/spieler/343463,Centre-Forward,1995-04-17,Southampton FC,2500000.0,"Brampton, Ontario",Canada,43.685832,-79.7599366
Canada,10,Jonathan David,https://www.transfermarkt.com/jonathan-david/profil/spieler/533738,Centre-Forward,2000-01-14,Juventus FC,30000000.0,"Brooklyn, New York",United States,40.6526006,-73.9497211
Canada,11,Liam Millar,https://www.transfermarkt.com/liam-millar/profil/spieler/487417,Left Winger,1999-09-27,Hull City,3000000.0,"Toronto, Ontario",Canada,43.6534817,-79.3839347
Canada,12,Tani Oluwaseyi,https://www.transfermarkt.com/tani-oluwaseyi/profil/spieler/972465,Centre-Forward,2000-05-15,Villarreal CF,7000000.0,Abuja,Nigeria,9.0643305,7.4892974
Canada,13,Derek Cornelius,https://www.transfermarkt.com/derek-cornelius/profil/spieler/328609,Centre-Back,1997-11-25,Olympique Marseille,2500000.0,"Ajax, Ontario",Canada,43.8505287,-79.0208814
Canada,14,Jacob Shaffelburg,https://www.transfermarkt.com/jacob-shaffelburg/profil/spieler/637632,Left Winger,1999-11-26,Los Angeles FC,2500000.0,"Kentville, Nova Scotia",Canada,45.0784875,-64.495212
Canada,15,Moïse Bombito,https://www.transfermarkt.com/moise-bombito/profil/spieler/1089202,Centre-Back,2000-03-30,OGC Nice,7000000.0,"Montréal, Québec",Canada,45.5031824,-73.5698065
Canada,16,Maxime Crépeau,https://www.transfermarkt.com/maxime-crepeau/profil/spieler/189014,Goalkeeper,1994-05-11,Orlando City SC,1800000.0,"Greenfield Park, Québec",Canada,45.4926624,-73.4870499
Canada,17,Tajon Buchanan,https://www.transfermarkt.com/tajon-buchanan/profil/spieler/638793,Right Winger,1999-02-08,Villarreal CF,12000000.0,"Brampton, Ontario",Canada,43.685832,-79.7599366
Canada,18,Owen Goodman,https://www.transfermarkt.com/owen-goodman/profil/spieler/814848,Goalkeeper,2003-11-27,Barnsley FC,550000.0,London,England,51.5074456,-0.1277653
Canada,19,Alphonso Davies,https://www.transfermarkt.com/alphonso-davies/profil/spieler/424204,Left-Back,2000-11-02,Bayern Munich,40000000.0,Buduburam,Ghana,5.5234971,-0.4776318
Canada,20,Ali Ahmed,https://www.transfermarkt.com/ali-ahmed/profil/spieler/995642,Left Midfield,2000-10-10,Norwich City,5000000.0,"Toronto, Ontario",Canada,43.6534817,-79.3839347
Canada,21,Jonathan Osorio,https://www.transfermarkt.com/jonathan-osorio/profil/spieler/260807,Central Midfield,1992-06-12,Toronto FC,1000000.0,"Toronto, Ontario",Canada,43.6534817,-79.3839347
Canada,22,Richie Laryea,https://www.transfermarkt.com/richie-laryea/profil/spieler/417348,Right-Back,1995-01-07,Toronto FC,1000000.0,"Toronto, Ontario",Canada,43.6534817,-79.3839347
Canada,23,Niko Sigur,https://www.transfermarkt.com/niko-sigur/profil/spieler/1045375,Defensive Midfield,2003-09-09,HNK Hajduk Split,4000000.0,"Burnaby, British Columbia",Canada,49.2433804,-122.972545
Canada,24,Promise David,https://www.transfermarkt.com/promise-david/profil/spieler/888785,Centre-Forward,2001-07-03,Union Saint-Gilloise,17000000.0,"Brampton, Ontario",Canada,43.685832,-79.7599366
Canada,25,Nathan-Dylan Saliba,https://www.transfermarkt.com/nathan-dylan-saliba/profil/spieler/842420,Central Midfield,2004-02-07,RSC Anderlecht,7500000.0,"Longueuil, Québec",Canada,45.521906,-73.4644578
Cape Verde,1,Vozinha,https://www.transfermarkt.com/vozinha/profil/spieler/242277,Goalkeeper,1986-06-03,GD Chaves,50000.0,Mindelo,Cape Verde,16.8873057,-24.9864064
Cape Verde,2,Stopira,https://www.transfermarkt.com/stopira/profil/spieler/80486,Centre-Back,1988-05-20,SC União Torreense,50000.0,Nossa Senhora da Graça,Cape Verde,17.1026739,-25.0377292
Cape Verde,3,Diney Borges,https://www.transfermarkt.com/diney-borges/profil/spieler/349570,Centre-Back,1995-01-17,Al-Bataeh CSC,900000.0,Tarrafal,Cape Verde,15.2664503,-23.7227339
Cape Verde,4,Roberto Lopes,https://www.transfermarkt.com/roberto-lopes/profil/spieler/166158,Centre-Back,1992-06-17,Shamrock Rovers,250000.0,"Crumlin, Dublin",Ireland,53.3202316,-6.3161673
Cape Verde,5,Logan Costa,https://www.transfermarkt.com/logan-costa/profil/spieler/484988,Centre-Back,2001-04-01,Villarreal CF,15000000.0,Saint-Denis,France,48.9383732,2.3627508
Cape Verde,6,Kevin Lenini,https://www.transfermarkt.com/kevin-lenini/profil/spieler/544586,Defensive Midfield,1997-01-27,FC Krasnodar,5000000.0,Praia,Cape Verde,14.9162811,-23.5095095
Cape Verde,7,Jovane Cabral,https://www.transfermarkt.com/jovane-cabral/profil/spieler/448466,Left Winger,1998-06-14,CF Estrela Amadora,1000000.0,Assomada,Cape Verde,15.097635,-23.6668745
Cape Verde,8,João Paulo,https://www.transfermarkt.com/joao-paulo/profil/spieler/623965,Defensive Midfield,1998-05-26,FCSB,900000.0,Ribeira Grande,Cape Verde,17.1391197,-25.1368741
Cape Verde,9,Benchimol,https://www.transfermarkt.com/benchimol/profil/spieler/820252,Centre-Forward,2001-12-29,Akron Tolyatti,1200000.0,Praia,Cape Verde,14.9162811,-23.5095095
Cape Verde,10,Jamiro Monteiro,https://www.transfermarkt.com/jamiro-monteiro/profil/spieler/272930,Central Midfield,1993-11-23,PEC Zwolle,650000.0,Rotterdam,Netherlands,51.9244424,4.47775
Cape Verde,11,Garry Rodrigues,https://www.transfermarkt.com/garry-rodrigues/profil/spieler/170895,Right Winger,1990-11-27,Apollon Limassol,300000.0,Rotterdam,Netherlands,51.9244424,4.47775
Cape Verde,12,Márcio Rosa,https://www.transfermarkt.com/marcio-rosa/profil/spieler/398048,Goalkeeper,1997-02-23,Montana,350000.0,Praia,Cape Verde,14.9162811,-23.5095095
Cape Verde,13,Sidny Lopes Cabral,https://www.transfermarkt.com/sidny-lopes-cabral/profil/spieler/611855,Left-Back,2002-09-18,SL Benfica,4000000.0,Rotterdam,Netherlands,51.9244424,4.47775
Cape Verde,14,Deroy Duarte,https://www.transfermarkt.com/deroy-duarte/profil/spieler/432852,Central Midfield,1999-07-04,Ludogorets Razgrad,1800000.0,Rotterdam,Netherlands,51.9244424,4.47775
Cape Verde,15,Laros Duarte,https://www.transfermarkt.com/laros-duarte/profil/spieler/258513,Defensive Midfield,1997-02-28,Puskás Akadémia FC,1000000.0,Rotterdam,Netherlands,51.9244424,4.47775
Cape Verde,16,Yannick Semedo,https://www.transfermarkt.com/yannick-semedo/profil/spieler/620307,Central Midfield,1995-12-29,SC Farense,250000.0,Praia,Cape Verde,14.9162811,-23.5095095
Cape Verde,17,Willy Semedo,https://www.transfermarkt.com/willy-semedo/profil/spieler/531450,Left Winger,1994-04-27,Omonia Nicosia,1000000.0,Bordeaux,France,44.841225,-0.5800364
Cape Verde,18,Telmo Arcanjo,https://www.transfermarkt.com/telmo-arcanjo/profil/spieler/791528,Right Winger,2001-06-21,Vitória Guimarães SC,3000000.0,Lisboa,Portugal,38.7077507,-9.1365919
Cape Verde,19,Dailon Livramento,https://www.transfermarkt.com/dailon-livramento/profil/spieler/676411,Centre-Forward,2001-05-04,Casa Pia AC,800000.0,Rotterdam,Netherlands,51.9244424,4.47775
Cape Verde,20,Ryan Mendes,https://www.transfermarkt.com/ryan-mendes/profil/spieler/111627,Left Winger,1990-01-08,Igdir FK,200000.0,Fogo,Cape Verde,14.9321822,-24.3935594
Cape Verde,21,Nuno Da Costa,https://www.transfermarkt.com/nuno-da-costa/profil/spieler/306166,Centre-Forward,1991-02-10,Basaksehir FK,400000.0,Praïa,Cape Verde,14.9162811,-23.5095095
Cape Verde,22,Steven Moreira,https://www.transfermarkt.com/steven-moreira/profil/spieler/203517,Right-Back,1994-08-13,Columbus Crew,1500000.0,Noisy-le-Grand,France,48.8492238,2.5524906
Cape Verde,23,CJ dos Santos,https://www.transfermarkt.com/cj-dos-santos/profil/spieler/532096,Goalkeeper,2000-08-24,San Diego FC,1000000.0,"Philadelphia, Pennsylvania",United States,39.9527237,-75.1635262
Cape Verde,24,Wagner Pina,https://www.transfermarkt.com/wagner-pina/profil/spieler/1072017,Right-Back,2002-11-03,Trabzonspor,11000000.0,Lisboa,Portugal,38.7077507,-9.1365919
Cape Verde,25,Kelvin Pires,https://www.transfermarkt.com/kelvin-pires/profil/spieler/662119,Centre-Back,2000-06-05,SJK Seinäjoki,400000.0,Mindelo,Cape Verde,16.8873057,-24.9864064
Cape Verde,26,Hélio Varela,https://www.transfermarkt.com/helio-varela/profil/spieler/840836,Left Winger,2002-05-03,Maccabi Tel Aviv,2500000.0,Almada,Portugal,38.6831302,-9.1576301
Colombia,1,David Ospina,https://www.transfermarkt.com/david-ospina/profil/spieler/73396,Goalkeeper,1988-08-31,Atlético Nacional,100000.0,Medellín,Colombia,6.2697324,-75.6025597
Colombia,2,Daniel Muñoz,https://www.transfermarkt.com/daniel-munoz/profil/spieler/493003,Right-Back,1996-05-26,Crystal Palace,22000000.0,Amalfi,Colombia,6.9070097,-75.0735908
Colombia,3,Jhon Lucumí,https://www.transfermarkt.com/jhon-lucumi/profil/spieler/413565,Centre-Back,1998-06-26,Bologna FC 1909,22000000.0,Santiago de Cali,Colombia,3.4108435,-76.5812127
Colombia,4,Santiago Arias,https://www.transfermarkt.com/santiago-arias/profil/spieler/120443,Right-Back,1992-01-13,CA Independiente,1200000.0,Medellín,Colombia,6.2697324,-75.6025597
Colombia,5,Kevin Castaño,https://www.transfermarkt.com/kevin-castano/profil/spieler/857948,Defensive Midfield,2000-09-29,CA River Plate,5000000.0,Itagüí,Colombia,6.1724352,-75.6093254
Colombia,6,Richard Ríos,https://www.transfermarkt.com/richard-rios/profil/spieler/735573,Defensive Midfield,2000-06-02,SL Benfica,25000000.0,Vegachí,Colombia,6.8613372,-74.7234644
Colombia,7,Luis Díaz,https://www.transfermarkt.com/luis-diaz/profil/spieler/480692,Left Winger,1997-01-13,Bayern Munich,70000000.0,Barrancas,Colombia,10.9541684,-72.7888637
Colombia,8,Jorge Carrascal,https://www.transfermarkt.com/jorge-carrascal/profil/spieler/354145,Attacking Midfield,1998-05-25,CR Flamengo,13000000.0,Cartagena de Indias,Colombia,10.4265566,-75.5441671
Colombia,9,Jhon Córdoba,https://www.transfermarkt.com/jhon-cordoba/profil/spieler/185245,Centre-Forward,1993-05-11,FC Krasnodar,10000000.0,Istmina,Colombia,5.1593099,-76.685528
Colombia,10,James Rodríguez,https://www.transfermarkt.com/james-rodriguez/profil/spieler/88103,Attacking Midfield,1991-07-12,Minnesota United FC,1500000.0,Cúcuta,Colombia,8.0776187,-72.4689002
Colombia,11,Jhon Arias,https://www.transfermarkt.com/jhon-arias/profil/spieler/588989,Right Winger,1997-09-21,Sociedade Esportiva Palmeiras,15000000.0,Quibdó,Colombia,5.6912838,-76.6531337
Colombia,12,Camilo Vargas,https://www.transfermarkt.com/camilo-vargas/profil/spieler/74113,Goalkeeper,1989-03-09,Atlas Guadalajara,450000.0,Bogotá,Colombia,4.6533817,-74.0836331
Colombia,13,Yerry Mina,https://www.transfermarkt.com/yerry-mina/profil/spieler/289446,Centre-Back,1994-09-23,Cagliari Calcio,2500000.0,Guachené,Colombia,3.1323331,-76.3916018
Colombia,14,Gustavo Puerta,https://www.transfermarkt.com/gustavo-puerta/profil/spieler/936981,Central Midfield,2003-07-23,Racing Santander,10000000.0,La Victoria,Colombia,5.5152589,-74.2354892
Colombia,15,Juan Portilla,https://www.transfermarkt.com/juan-portilla/profil/spieler/585747,Central Midfield,1998-09-12,Club Athletico Paranaense,5000000.0,Santiago de Cali,Colombia,3.4108435,-76.5812127
Colombia,16,Jefferson Lerma,https://www.transfermarkt.com/jefferson-lerma/profil/spieler/262980,Defensive Midfield,1994-10-25,Crystal Palace,6000000.0,Cerrito,Colombia,6.8435992,-72.6939627
Colombia,17,Johan Mojica,https://www.transfermarkt.com/johan-mojica/profil/spieler/262939,Left-Back,1992-08-21,RCD Mallorca,1500000.0,Santiago de Cali,Colombia,3.4108435,-76.5812127
Colombia,18,Willer Ditta,https://www.transfermarkt.com/willer-ditta/profil/spieler/609255,Centre-Back,1998-01-23,CD Cruz Azul,5500000.0,Ibirico,Colombia,9.5613975,-73.3328147
Colombia,19,Cucho Hernández,https://www.transfermarkt.com/cucho-hernandez/profil/spieler/459463,Centre-Forward,1999-04-20,Real Betis Balompié,18000000.0,Pereira,Colombia,4.7854606,-75.788322
Colombia,20,Juan Fernando Quintero,https://www.transfermarkt.com/juan-fernando-quintero/profil/spieler/122582,Attacking Midfield,1993-01-18,CA River Plate,1800000.0,Medellín,Colombia,6.2697324,-75.6025597
Colombia,21,Jáminton Campaz,https://www.transfermarkt.com/jaminton-campaz/profil/spieler/491553,Left Winger,2000-05-24,CA Rosario Central,5500000.0,Tumaco,Colombia,1.8062887,-78.7649814
Colombia,22,Deiver Machado,https://www.transfermarkt.com/deiver-machado/profil/spieler/332560,Left-Back,1993-09-02,FC Nantes,1800000.0,Tadó,Colombia,5.263378,-76.5621239
Colombia,23,Davinson Sánchez,https://www.transfermarkt.com/davinson-sanchez/profil/spieler/341429,Centre-Back,1996-06-12,Galatasaray,16000000.0,Caloto,Colombia,3.0336985,-76.4085199
Colombia,24,Álvaro Montero,https://www.transfermarkt.com/alvaro-montero/profil/spieler/292985,Goalkeeper,1995-03-29,CA Vélez Sarsfield,2500000.0,El Molino,Colombia,10.6284107,-72.8730932
Colombia,25,Luis Suárez,https://www.transfermarkt.com/luis-suarez/profil/spieler/424784,Centre-Forward,1997-12-02,Sporting CP,30000000.0,Santa Marta,Colombia,11.2320944,-74.1950916
Colombia,26,Andrés Gómez,https://www.transfermarkt.com/andres-gomez/profil/spieler/957461,Left Winger,2002-09-12,Clube de Regatas Vasco da Gama,11000000.0,Quibdó,Colombia,5.6912838,-76.6531337
Croatia,1,Dominik Livakovic,https://www.transfermarkt.com/dominik-livakovic/profil/spieler/205927,Goalkeeper,1995-01-09,GNK Dinamo Zagreb,4000000.0,Zadar,Croatia,44.1168594,15.2353257
Croatia,2,Josip Stanisic,https://www.transfermarkt.com/josip-stanisic/profil/spieler/483046,Right-Back,2000-04-02,Bayern Munich,40000000.0,München,Germany,48.1371079,11.5753822
Croatia,3,Marin Pongracic,https://www.transfermarkt.com/marin-pongracic/profil/spieler/282144,Centre-Back,1997-09-11,ACF Fiorentina,6500000.0,Landshut,Germany,48.536217,12.1516551
Croatia,4,Josko Gvardiol,https://www.transfermarkt.com/josko-gvardiol/profil/spieler/475959,Centre-Back,2002-01-23,Manchester City,70000000.0,Zagreb,Croatia,45.8130967,15.9772795
Croatia,5,Duje Caleta-Car,https://www.transfermarkt.com/duje-caleta-car/profil/spieler/238266,Centre-Back,1996-09-17,Real Sociedad,2800000.0,Šibenik,Croatia,43.7340647,15.8944767
Croatia,6,Josip Sutalo,https://www.transfermarkt.com/josip-sutalo/profil/spieler/371001,Centre-Back,2000-02-28,Ajax Amsterdam,12000000.0,Čapljina,Bosnia-Herzegovina,43.1133536,17.705039
Croatia,7,Nikola Moro,https://www.transfermarkt.com/nikola-moro/profil/spieler/316934,Defensive Midfield,1998-03-12,Bologna FC 1909,7000000.0,Split,Croatia,43.5116383,16.4399659
Croatia,8,Mateo Kovacic,https://www.transfermarkt.com/mateo-kovacic/profil/spieler/51471,Central Midfield,1994-05-06,Manchester City,10000000.0,Linz,Austria,48.3059078,14.286198
Croatia,9,Andrej Kramaric,https://www.transfermarkt.com/andrej-kramaric/profil/spieler/46580,Attacking Midfield,1991-06-19,TSG 1899 Hoffenheim,2500000.0,Zagreb,Jugoslawien (SFR),,
Croatia,10,Luka Modrić,https://www.transfermarkt.com/luka-modric/profil/spieler/27992,Central Midfield,1985-09-09,AC Milan,3500000.0,Zadar,Jugoslawien (SFR),,
Croatia,11,Ante Budimir,https://www.transfermarkt.com/ante-budimir/profil/spieler/46413,Centre-Forward,1991-07-22,CA Osasuna,2800000.0,Zenica,Jugoslawien (SFR),,
Croatia,12,Ivor Pandur,https://www.transfermarkt.com/ivor-pandur/profil/spieler/371013,Goalkeeper,2000-03-25,Hull City,4500000.0,Rijeka,Croatia,45.3267976,14.442208
Croatia,13,Nikola Vlašić,https://www.transfermarkt.com/nikola-vlasic/profil/spieler/293200,Attacking Midfield,1997-10-04,Torino FC,10000000.0,Split,Croatia,43.5116383,16.4399659
Croatia,14,Ivan Perišić,https://www.transfermarkt.com/ivan-perisic/profil/spieler/42460,Left Winger,1989-02-02,PSV Eindhoven,1200000.0,Split,Jugoslawien (SFR),,
Croatia,15,Mario Pašalić,https://www.transfermarkt.com/mario-pasalic/profil/spieler/205938,Central Midfield,1995-02-09,Atalanta BC,6000000.0,Mainz,Germany,49.9995205,8.2736253
Croatia,16,Martin Baturina,https://www.transfermarkt.com/martin-baturina/profil/spieler/580451,Attacking Midfield,2003-02-16,Como 1907,30000000.0,Zürich,Switzerland,47.3744489,8.5410422
Croatia,17,Petar Sučić,https://www.transfermarkt.com/petar-sucic/profil/spieler/668207,Central Midfield,2003-10-25,Inter Milan,40000000.0,Livno,Bosnia-Herzegovina,43.8259136,17.0042416
Croatia,18,Kristijan Jakic,https://www.transfermarkt.com/kristijan-jakic/profil/spieler/374954,Defensive Midfield,1997-05-14,FC Augsburg,6000000.0,Split,Croatia,43.5116383,16.4399659
Croatia,19,Toni Fruk,https://www.transfermarkt.com/toni-fruk/profil/spieler/432758,Attacking Midfield,2001-03-09,HNK Rijeka,9000000.0,Našice,Croatia,45.4907759,18.0938075
Croatia,20,Igor Matanovic,https://www.transfermarkt.com/igor-matanovic/profil/spieler/605268,Centre-Forward,2003-03-31,SC Freiburg,22000000.0,Hamburg,Germany,53.5501721,10.0013165
Croatia,21,Luka Sucic,https://www.transfermarkt.com/luka-sucic/profil/spieler/502722,Central Midfield,2002-09-08,Real Sociedad,10000000.0,Linz,Austria,48.3059078,14.286198
Croatia,22,Luka Vuskovic,https://www.transfermarkt.com/luka-vuskovic/profil/spieler/892160,Centre-Back,2007-02-24,Hamburger SV,60000000.0,Split,Croatia,43.5116383,16.4399659
Croatia,23,Dominik Kotarski,https://www.transfermarkt.com/dominik-kotarski/profil/spieler/370997,Goalkeeper,2000-02-10,FC Copenhagen,5000000.0,Zabok,Croatia,46.025686,15.9036337
Croatia,24,Marco Pašalić,https://www.transfermarkt.com/marco-pasalic/profil/spieler/395928,Right Winger,2000-09-14,Orlando City SC,6500000.0,Karlsruhe,Germany,49.0068705,8.4034195
Croatia,25,Martin Erlić,https://www.transfermarkt.com/martin-erlic/profil/spieler/357003,Centre-Back,1998-01-24,FC Midtjylland,4000000.0,Zadar,Croatia,44.1168594,15.2353257
Croatia,26,Petar Musa,https://www.transfermarkt.com/petar-musa/profil/spieler/387110,Centre-Forward,1998-03-04,FC Dallas,12000000.0,Zagreb,Croatia,45.8130967,15.9772795
Curaçao,1,Eloy Room,https://www.transfermarkt.com/eloy-room/profil/spieler/79294,Goalkeeper,1989-02-06,Miami FC,150000.0,Nijmegen,Netherlands,51.8425749,5.8389606
Curaçao,2,Shurandy Sambo,https://www.transfermarkt.com/shurandy-sambo/profil/spieler/412937,Right-Back,2001-08-19,Sparta Rotterdam,1300000.0,Geldrop,Netherlands,51.4226684,5.5607546
Curaçao,3,Juriën Gaari,https://www.transfermarkt.com/jurien-gaari/profil/spieler/328455,Centre-Back,1993-12-23,Abha Club,350000.0,Kerkrade,Netherlands,50.8749089,6.0593853
Curaçao,4,Roshon van Eijma,https://www.transfermarkt.com/roshon-van-eijma/profil/spieler/401029,Centre-Back,1998-06-09,RKC Waalwijk,375000.0,Tilburg,Netherlands,51.5856185,5.0660616
Curaçao,5,Sherel Floranus,https://www.transfermarkt.com/sherel-floranus/profil/spieler/315211,Left-Back,1998-08-23,PEC Zwolle,800000.0,Rotterdam,Netherlands,51.9244424,4.47775
Curaçao,6,Godfried Roemeratoe,https://www.transfermarkt.com/godfried-roemeratoe/profil/spieler/393241,Defensive Midfield,1999-08-19,RKC Waalwijk,350000.0,Oost-Souburg,Netherlands,51.4645556,3.6042063
Curaçao,7,Juninho Bacuna,https://www.transfermarkt.com/juninho-bacuna/profil/spieler/348863,Central Midfield,1997-08-07,FC Volendam,1700000.0,Groningen,Netherlands,53.2190652,6.5680077
Curaçao,8,Livano Comenencia,https://www.transfermarkt.com/livano-comenencia/profil/spieler/626764,Right-Back,2004-02-03,FC Zürich,500000.0,Breda,Netherlands,51.5887845,4.7760237
Curaçao,9,Jürgen Locadia,https://www.transfermarkt.com/jurgen-locadia/profil/spieler/166240,Centre-Forward,1993-11-07,Miami FC,200000.0,Emmen,Netherlands,52.7528662,6.9525135
Curaçao,10,Leandro Bacuna,https://www.transfermarkt.com/leandro-bacuna/profil/spieler/126014,Central Midfield,1991-08-21,Igdir FK,250000.0,Groningen,Netherlands,53.2190652,6.5680077
Curaçao,11,Jeremy Antonisse,https://www.transfermarkt.com/jeremy-antonisse/profil/spieler/594273,Left Winger,2002-03-29,AE Kifisia,800000.0,Rosmalen,Netherlands,51.71866,5.3629244
Curaçao,12,Sontje Hansen,https://www.transfermarkt.com/sontje-hansen/profil/spieler/485582,Right Winger,2002-05-18,Middlesbrough FC,3500000.0,Hoorn,Netherlands,52.653272,5.0735802
Curaçao,13,Tyrese Noslin,https://www.transfermarkt.com/tyrese-noslin/profil/spieler/708005,Right Midfield,2002-09-11,SC Telstar,750000.0,Amsterdam,Netherlands,52.3730796,4.8924534
Curaçao,14,Kenji Gorré,https://www.transfermarkt.com/kenji-gorre/profil/spieler/374889,Left Winger,1994-09-29,Maccabi Haifa,600000.0,Spijkenisse,Netherlands,51.8464881,4.3287681
Curaçao,15,Ar'jany Martha,https://www.transfermarkt.com/arjany-martha/profil/spieler/572519,Right Winger,2003-09-04,Rotherham United,700000.0,Rotterdam,Netherlands,51.9244424,4.47775
Curaçao,16,Jearl Margaritha,https://www.transfermarkt.com/jearl-margaritha/profil/spieler/538958,Left Winger,2000-04-10,SK Beveren,1000000.0,Groningen,Netherlands,53.2190652,6.5680077
Curaçao,17,Brandley Kuwas,https://www.transfermarkt.com/brandley-kuwas/profil/spieler/232219,Right Winger,1992-09-19,FC Volendam,250000.0,Hoorn,Netherlands,52.653272,5.0735802
Curaçao,18,Armando Obispo,https://www.transfermarkt.com/armando-obispo/profil/spieler/339337,Centre-Back,1999-03-05,PSV Eindhoven,4000000.0,Den Bosch,Netherlands,51.6889387,5.303116
Curaçao,19,Gervane Kastaneer,https://www.transfermarkt.com/gervane-kastaneer/profil/spieler/240752,Centre-Forward,1996-06-09,Terengganu FC,225000.0,Rotterdam,Netherlands,51.9244424,4.47775
Curaçao,20,Joshua Brenet,https://www.transfermarkt.com/joshua-brenet/profil/spieler/207006,Right-Back,1994-03-20,Kayserispor,1000000.0,Kerkrade,Netherlands,50.8749089,6.0593853
Curaçao,21,Tahith Chong,https://www.transfermarkt.com/tahith-chong/profil/spieler/344830,Attacking Midfield,1999-12-04,Sheffield United,3500000.0,Willemstad,Netherlands Antilles,,
Curaçao,22,Kevin Felida,https://www.transfermarkt.com/kevin-felida/profil/spieler/433933,Defensive Midfield,1999-11-11,FC Den Bosch,400000.0,Spijkenisse,Netherlands,51.8464881,4.3287681
Curaçao,23,Riechedly Bazoer,https://www.transfermarkt.com/riechedly-bazoer/profil/spieler/216443,Centre-Back,1996-10-12,Konyaspor,1500000.0,Utrecht,Netherlands,52.0907006,5.1215634
Curaçao,24,Deveron Fonville,https://www.transfermarkt.com/deveron-fonville/profil/spieler/708989,Centre-Back,2003-05-16,NEC Nijmegen,1500000.0,Nieuwegein,Netherlands,52.0367152,5.0836117
Curaçao,25,Tyrick Bodak,https://www.transfermarkt.com/tyrick-bodak/profil/spieler/663961,Goalkeeper,2002-05-15,SC Telstar,25000.0,Almere,Netherlands,52.3705038,5.2185859
Curaçao,26,Trevor Doornbusch,https://www.transfermarkt.com/trevor-doornbusch/profil/spieler/390814,Goalkeeper,1999-07-06,VVV-Venlo,50000.0,Haarlem,Netherlands,52.3837281,4.6435679
Czechia,1,Matej Kovar,https://www.transfermarkt.com/matej-kovar/profil/spieler/550829,Goalkeeper,2000-05-17,PSV Eindhoven,8000000.0,Uherské Hradiště,Czech Republic,49.0681018,17.4663899
Czechia,2,David Zima,https://www.transfermarkt.com/david-zima/profil/spieler/544149,Centre-Back,2000-11-08,SK Slavia Prague,7000000.0,Olomouc,Czech Republic,49.5940567,17.251143
Czechia,3,Tomas Holes,https://www.transfermarkt.com/tomas-holes/profil/spieler/216278,Centre-Back,1993-03-31,SK Slavia Prague,1000000.0,Hradec Králové,Czech Republic,50.2092113,15.8327512
Czechia,4,Robin Hranac,https://www.transfermarkt.com/robin-hranac/profil/spieler/620217,Centre-Back,2000-01-29,TSG 1899 Hoffenheim,10000000.0,Plzeň,Czech Republic,49.7477415,13.3775249
Czechia,5,Vladimír Coufal,https://www.transfermarkt.com/vladimir-coufal/profil/spieler/157672,Right-Back,1992-08-22,TSG 1899 Hoffenheim,2500000.0,Ostrava,CSSR,,
Czechia,6,Stepan Chaloupek,https://www.transfermarkt.com/stepan-chaloupek/profil/spieler/944827,Centre-Back,2003-03-08,SK Slavia Prague,10000000.0,Meziboří,Czech Republic,50.6203084,13.6071384
Czechia,7,Ladislav Krejčí,https://www.transfermarkt.com/ladislav-krejci/profil/spieler/345911,Centre-Back,1999-04-20,Wolverhampton Wanderers,22000000.0,Rosice,Czech Republic,49.1825874,16.3878251
Czechia,8,Vladimír Darida,https://www.transfermarkt.com/vladimir-darida/profil/spieler/179643,Central Midfield,1990-08-08,FC Hradec Kralove,375000.0,Plzeň,CSSR,,
Czechia,9,Adam Hlozek,https://www.transfermarkt.com/adam-hlozek/profil/spieler/552057,Centre-Forward,2002-07-25,TSG 1899 Hoffenheim,10000000.0,Ivančice,Czech Republic,49.1015881,16.3776051
Czechia,10,Patrik Schick,https://www.transfermarkt.com/patrik-schick/profil/spieler/242086,Centre-Forward,1996-01-24,Bayer 04 Leverkusen,18000000.0,Praha,Czech Republic,50.0874654,14.4212535
Czechia,11,Jan Kuchta,https://www.transfermarkt.com/jan-kuchta/profil/spieler/334802,Centre-Forward,1997-01-08,AC Sparta Prague,2700000.0,Liberec,Czech Republic,50.7702648,15.0583947
Czechia,12,Lukas Cerv,https://www.transfermarkt.com/lukas-cerv/profil/spieler/611049,Central Midfield,2001-04-10,FC Viktoria Plzen,6000000.0,Praha,Czech Republic,50.0874654,14.4212535
Czechia,13,Mojmír Chytil,https://www.transfermarkt.com/mojmir-chytil/profil/spieler/405855,Centre-Forward,1999-04-29,SK Slavia Prague,4000000.0,Skalka,Czech Republic,49.0381823,17.2053355
Czechia,14,David Jurásek,https://www.transfermarkt.com/david-jurasek/profil/spieler/500054,Left-Back,2000-08-07,SK Slavia Prague,5000000.0,Dolní Němčí,Czech Republic,48.9684218,17.5853622
Czechia,15,Pavel Sulc,https://www.transfermarkt.com/pavel-sulc/profil/spieler/500053,Attacking Midfield,2000-12-29,Olympique Lyon,20000000.0,Karlovy Vary,Czech Republic,50.2306216,12.8701437
Czechia,16,Jindrich Stanek,https://www.transfermarkt.com/jindrich-stanek/profil/spieler/242089,Goalkeeper,1996-04-27,SK Slavia Prague,2000000.0,Strakonice,Czech Republic,49.2662501,13.9136975
Czechia,17,Lukas Provod,https://www.transfermarkt.com/lukas-provod/profil/spieler/292779,Left Winger,1996-10-23,SK Slavia Prague,8000000.0,Plzeň,Czech Republic,49.7477415,13.3775249
Czechia,18,Michal Sadílek,https://www.transfermarkt.com/michal-sadilek/profil/spieler/321204,Central Midfield,1999-05-31,SK Slavia Prague,8000000.0,Uherské Hradiště,Czech Republic,49.0681018,17.4663899
Czechia,19,Tomas Chory,https://www.transfermarkt.com/tomas-chory/profil/spieler/198614,Centre-Forward,1995-01-26,SK Slavia Prague,2700000.0,Olomouc,Czech Republic,49.5940567,17.251143
Czechia,20,Jaroslav Zelený,https://www.transfermarkt.com/jaroslav-zeleny/profil/spieler/142219,Centre-Back,1992-08-20,AC Sparta Prague,600000.0,Hradec Králové,CSSR,,
Czechia,21,David Doudera,https://www.transfermarkt.com/david-doudera/profil/spieler/493758,Right Midfield,1998-05-31,SK Slavia Prague,3500000.0,Brandýs nad Labem-Stará Boleslav,Czech Republic,50.1912412,14.6649786
Czechia,22,Tomáš Souček,https://www.transfermarkt.com/tomas-soucek/profil/spieler/283628,Defensive Midfield,1995-02-27,West Ham United,10000000.0,Havlíčkův Brod,Czech Republic,49.606942,15.5795748
Czechia,23,Lukas Hornicek,https://www.transfermarkt.com/lukas-hornicek/profil/spieler/629773,Goalkeeper,2002-07-13,SC Braga,18000000.0,Vysoké Mýto,Czech Republic,49.9534727,16.1616455
Czechia,24,Alexandr Sojka,https://www.transfermarkt.com/alexandr-sojka/profil/spieler/826103,Central Midfield,2003-04-02,FC Viktoria Plzen,2300000.0,Plzeň,Czech Republic,49.7477415,13.3775249
Czechia,25,Hugo Sochurek,https://www.transfermarkt.com/hugo-sochurek/profil/spieler/1206877,Central Midfield,2008-06-07,AC Sparta Prague,3500000.0,Tábor,Czech Republic,49.4141533,14.6587234
Czechia,26,Denis Visinsky,https://www.transfermarkt.com/denis-visinsky/profil/spieler/652060,Attacking Midfield,2003-03-21,FC Viktoria Plzen,3000000.0,Hořín,Czech Republic,50.3448171,14.4641763
Democratic Republic of the Congo,1,Lionel Mpasi-Nzau,https://www.transfermarkt.com/lionel-mpasi-nzau/profil/spieler/164915,Goalkeeper,1994-08-01,Le Havre AC,400000.0,Meaux,France,48.9582708,2.8773541
Democratic Republic of the Congo,2,Aaron Wan-Bissaka,https://www.transfermarkt.com/aaron-wan-bissaka/profil/spieler/477758,Right-Back,1997-11-26,West Ham United,15000000.0,London,England,51.5074456,-0.1277653
Democratic Republic of the Congo,3,Steve Kapuadi,https://www.transfermarkt.com/steve-kapuadi/profil/spieler/679709,Centre-Back,1998-04-30,Widzew Lodz,2500000.0,Le Mans,France,48.0073849,0.1967849
Democratic Republic of the Congo,4,Axel Tuanzebe,https://www.transfermarkt.com/axel-tuanzebe/profil/spieler/342046,Centre-Back,1997-11-14,Burnley FC,5000000.0,Bunia,DR Congo,1.5620529,30.2478844
Democratic Republic of the Congo,5,Dylan Batubinsika,https://www.transfermarkt.com/dylan-batubinsika/profil/spieler/289432,Centre-Back,1996-02-15,AE Larisa,600000.0,Cergy-Pontoise,France,48.9003625,2.0697041
Democratic Republic of the Congo,6,Ngal'ayel Mukau,https://www.transfermarkt.com/ngalayel-mukau/profil/spieler/1016015,Defensive Midfield,2004-11-03,LOSC Lille,15000000.0,Antwerpen,Belgium,51.2211097,4.3997081
Democratic Republic of the Congo,7,Nathanaël Mbuku,https://www.transfermarkt.com/nathanael-mbuku/profil/spieler/557614,Left Winger,2002-03-16,Montpellier HSC,2000000.0,Villeneuve-Saint-Georges,France,48.7305272,2.44782
Democratic Republic of the Congo,8,Samuel Moutoussamy,https://www.transfermarkt.com/samuel-moutoussamy/profil/spieler/353403,Central Midfield,1996-08-12,Atromitos Athens,1200000.0,Paris,France,48.8588897,2.320041
Democratic Republic of the Congo,9,Brian Cipenga,https://www.transfermarkt.com/brian-cipenga/profil/spieler/700565,Left Winger,1998-03-11,CD Castellón,2000000.0,Kinshasa,DR Congo,-4.3196982,15.3424196
Democratic Republic of the Congo,10,Théo Bongonda,https://www.transfermarkt.com/theo-bongonda/profil/spieler/280701,Right Winger,1995-11-20,Spartak Moscow,3000000.0,Charleroi,Belgium,50.4116233,4.444528
Democratic Republic of the Congo,11,Gaël Kakuta,https://www.transfermarkt.com/gael-kakuta/profil/spieler/74297,Attacking Midfield,1991-06-21,AE Larisa,250000.0,Lille,France,50.6365654,3.0635282
Democratic Republic of the Congo,12,Joris Kayembe,https://www.transfermarkt.com/joris-kayembe/profil/spieler/129586,Left-Back,1994-08-08,KRC Genk,2000000.0,Brussel,Belgium,50.8551025,4.3510915
Democratic Republic of the Congo,13,Meschack Elia,https://www.transfermarkt.com/meschack-elia/profil/spieler/423678,Attacking Midfield,1997-08-06,Alanyaspor,1500000.0,Kinshasa,DR Congo,-4.3196982,15.3424196
Democratic Republic of the Congo,14,Noah Sadiki,https://www.transfermarkt.com/noah-sadiki/profil/spieler/727089,Central Midfield,2004-12-17,Sunderland AFC,35000000.0,Brussel,Belgium,50.8551025,4.3510915
Democratic Republic of the Congo,15,Aaron Tshibola,https://www.transfermarkt.com/aaron-tshibola/profil/spieler/243633,Central Midfield,1995-01-02,Kilmarnock FC,150000.0,London,England,51.5074456,-0.1277653
Democratic Republic of the Congo,16,Timothy Fayulu,https://www.transfermarkt.com/timothy-fayulu/profil/spieler/541420,Goalkeeper,1999-07-24,FC Noah Yerevan,800000.0,Genève,Switzerland,46.2017559,6.1466014
Democratic Republic of the Congo,17,Cédric Bakambu,https://www.transfermarkt.com/cedric-bakambu/profil/spieler/127048,Centre-Forward,1991-04-11,Real Betis Balompié,1200000.0,Ivry-sur-Seine,France,48.8122302,2.3872525
Democratic Republic of the Congo,18,Charles Pickel,https://www.transfermarkt.com/charles-pickel/profil/spieler/243879,Defensive Midfield,1997-05-15,RCD Espanyol Barcelona,2500000.0,Solothurn,Switzerland,47.31874,7.6698284
Democratic Republic of the Congo,19,Fiston Mayele,https://www.transfermarkt.com/fiston-mayele/profil/spieler/727157,Centre-Forward,1994-06-24,Pyramids FC,1800000.0,Mbuji-Mayi,Zaire,-6.1258942,23.5998111
Democratic Republic of the Congo,20,Yoane Wissa,https://www.transfermarkt.com/yoane-wissa/profil/spieler/388165,Centre-Forward,1996-09-03,Newcastle United,25000000.0,Villeneuve-Saint-Georges,France,48.7305272,2.44782
Democratic Republic of the Congo,21,Matthieu Epolo,https://www.transfermarkt.com/matthieu-epolo/profil/spieler/680218,Goalkeeper,2005-01-15,Standard Liège,8000000.0,Brussel,Belgium,50.8551025,4.3510915
Democratic Republic of the Congo,22,Chancel Mbemba,https://www.transfermarkt.com/chancel-mbemba/profil/spieler/203348,Centre-Back,1994-08-08,LOSC Lille,2000000.0,Kinshasa,Zaire,-4.3196982,15.3424196
Democratic Republic of the Congo,23,Simon Banza,https://www.transfermarkt.com/simon-banza/profil/spieler/344869,Centre-Forward,1996-08-13,Al-Jazira Club,10000000.0,Creil,France,49.2607914,2.4733771
Democratic Republic of the Congo,24,Gédéon Kalulu,https://www.transfermarkt.com/gedeon-kalulu/profil/spieler/395685,Right-Back,1997-08-29,Aris Limassol,1000000.0,Lyon,France,45.7578137,4.8320114
Democratic Republic of the Congo,25,Edo Kayembe,https://www.transfermarkt.com/edo-kayembe/profil/spieler/486477,Central Midfield,1998-06-03,Watford FC,4000000.0,Kananga,DR Congo,-5.8951725,22.408589
Democratic Republic of the Congo,26,Arthur Masuaku,https://www.transfermarkt.com/arthur-masuaku/profil/spieler/181380,Left-Back,1993-11-07,RC Lens,2000000.0,Lille,France,50.6365654,3.0635282
Ecuador,1,Hernán Galíndez,https://www.transfermarkt.com/hernan-galindez/profil/spieler/77127,Goalkeeper,1987-03-30,CA Huracán,300000.0,Rosario,Argentina,-32.9593609,-60.6617024
Ecuador,2,Félix Torres,https://www.transfermarkt.com/felix-torres/profil/spieler/468174,Centre-Back,1997-01-11,Sport Club Internacional,1000000.0,San Lorenzo,Ecuador,0.9850635,-78.6869333
Ecuador,3,Piero Hincapié,https://www.transfermarkt.com/piero-hincapie/profil/spieler/659813,Centre-Back,2002-01-09,Arsenal FC,50000000.0,Esmeraldas,Ecuador,0.7343619,-79.3858867
Ecuador,4,Joel Ordóñez,https://www.transfermarkt.com/joel-ordonez/profil/spieler/893661,Centre-Back,2004-04-21,Club Brugge KV,33000000.0,Guayaquil,Ecuador,-2.1900572,-79.8868669
Ecuador,5,Jordy Alcívar,https://www.transfermarkt.com/jordy-alcivar/profil/spieler/598145,Defensive Midfield,1999-08-05,Independiente del Valle,2000000.0,Manta,Ecuador,-1.0320063,-80.8169311
Ecuador,6,Willian Pacho,https://www.transfermarkt.com/willian-pacho/profil/spieler/661171,Centre-Back,2001-10-16,Paris Saint-Germain,80000000.0,Quinindé,Ecuador,0.3191807,-79.4972175
Ecuador,7,Pervis Estupiñán,https://www.transfermarkt.com/pervis-estupinan/profil/spieler/349599,Left-Back,1998-01-21,AC Milan,12000000.0,Esmeraldas,Ecuador,0.7343619,-79.3858867
Ecuador,8,Anthony Valencia,https://www.transfermarkt.com/anthony-valencia/profil/spieler/974374,Right Winger,2003-07-21,Royal Antwerp FC,1800000.0,Guayaquil,Ecuador,-2.1900572,-79.8868669
Ecuador,9,John Yeboah,https://www.transfermarkt.com/john-yeboah/profil/spieler/439914,Second Striker,2000-06-23,Venezia FC,5500000.0,Hamburg,Germany,53.5501721,10.0013165
Ecuador,10,Kendry Páez,https://www.transfermarkt.com/kendry-paez/profil/spieler/1052439,Attacking Midfield,2007-05-04,CA River Plate,8000000.0,Guayaquil,Ecuador,-2.1900572,-79.8868669
Ecuador,11,Kevin Rodríguez,https://www.transfermarkt.com/kevin-rodriguez/profil/spieler/684159,Centre-Forward,2000-03-04,Union Saint-Gilloise,6000000.0,Ibarra,Ecuador,0.5159369,-78.1329448
Ecuador,12,Moisés Ramírez,https://www.transfermarkt.com/moises-ramirez/profil/spieler/450233,Goalkeeper,2000-09-09,AE Kifisia,800000.0,Guayaquil,Ecuador,-2.1900572,-79.8868669
Ecuador,13,Enner Valencia,https://www.transfermarkt.com/enner-valencia/profil/spieler/139503,Centre-Forward,1989-11-04,CF Pachuca,1000000.0,San Lorenzo,Ecuador,0.9850635,-78.6869333
Ecuador,14,Alan Minda,https://www.transfermarkt.com/alan-minda/profil/spieler/897051,Right Winger,2003-05-14,Clube Atlético Mineiro,3000000.0,Esmeraldas,Ecuador,0.7343619,-79.3858867
Ecuador,15,Pedro Vite,https://www.transfermarkt.com/pedro-vite/profil/spieler/659806,Attacking Midfield,2002-03-09,UNAM Pumas,6000000.0,Babahoyo,Ecuador,-1.8762599,-79.5068917
Ecuador,16,Jordy Caicedo,https://www.transfermarkt.com/jordy-caicedo/profil/spieler/360412,Centre-Forward,1997-11-18,CA Huracán,2000000.0,Machala,Ecuador,-3.3148937,-79.9512804
Ecuador,17,Angelo Preciado,https://www.transfermarkt.com/angelo-preciado/profil/spieler/450241,Right-Back,1998-02-18,Clube Atlético Mineiro,3500000.0,Shushufindi,Ecuador,-0.2885051,-76.5906945
Ecuador,18,Denil Castillo,https://www.transfermarkt.com/denil-castillo/profil/spieler/941418,Central Midfield,2004-03-24,FC Midtjylland,7000000.0,Eloy Alfaro,Ecuador,0.874044,-78.9950332
Ecuador,19,Gonzalo Plata,https://www.transfermarkt.com/gonzalo-plata/profil/spieler/592735,Right Winger,2000-11-01,CR Flamengo,9000000.0,Guayaquil,Ecuador,-2.1900572,-79.8868669
Ecuador,20,Nilson Angulo,https://www.transfermarkt.com/nilson-angulo/profil/spieler/903611,Left Winger,2003-06-19,Sunderland AFC,17000000.0,Quinindé,Ecuador,0.3191807,-79.4972175
Ecuador,21,Alan Franco,https://www.transfermarkt.com/alan-franco/profil/spieler/400960,Central Midfield,1998-08-21,Clube Atlético Mineiro,4500000.0,Alfredo Baquerizo Moreno,Ecuador,-1.9494337,-79.5495283
Ecuador,22,Gonzalo Valle,https://www.transfermarkt.com/gonzalo-valle/profil/spieler/351941,Goalkeeper,1996-02-28,LDU Quito,1800000.0,Riobamba,Ecuador,-1.6716698,-78.6607421
Ecuador,23,Moisés Caicedo,https://www.transfermarkt.com/moises-caicedo/profil/spieler/687626,Defensive Midfield,2001-11-02,Chelsea FC,100000000.0,Santo Domingo,Ecuador,-0.2546212,-79.1686724
Ecuador,24,Jeremy Arévalo,https://www.transfermarkt.com/jeremy-arevalo/profil/spieler/971663,Centre-Forward,2005-03-19,VfB Stuttgart,7000000.0,Maliaño,Spain,43.4174057,-3.8420589
Ecuador,25,Jackson Porozo,https://www.transfermarkt.com/jackson-porozo/profil/spieler/491616,Centre-Back,2000-08-04,Club Tijuana,2500000.0,San Lorenzo,Ecuador,0.9850635,-78.6869333
Ecuador,26,Yaimar Medina,https://www.transfermarkt.com/yaimar-medina/profil/spieler/893659,Left-Back,2004-11-05,KRC Genk,4000000.0,Eloy Alfaro,Ecuador,0.874044,-78.9950332
Egypt,1,Mohamed El Shenawy,https://www.transfermarkt.com/mohamed-el-shenawy/profil/spieler/134573,Goalkeeper,1988-12-18,Al Ahly FC,500000.0,El Hamool,Egypt,,
Egypt,2,Yasser Ibrahim,https://www.transfermarkt.com/yasser-ibrahim/profil/spieler/237425,Centre-Back,1993-02-10,Al Ahly FC,275000.0,Mansoura,Egypt,31.0407773,31.3581295
Egypt,3,Mohamed Hany,https://www.transfermarkt.com/mohamed-hany/profil/spieler/343974,Right-Back,1996-02-02,Al Ahly FC,1500000.0,Kairo,Egypt,30.0443879,31.2357257
Egypt,4,Hossam Abdelmaguid,https://www.transfermarkt.com/hossam-abdelmaguid/profil/spieler/737524,Centre-Back,2001-04-30,Zamalek SC,2000000.0,,,,
Egypt,5,Ramy Rabia,https://www.transfermarkt.com/ramy-rabia/profil/spieler/172623,Centre-Back,1993-05-20,Al-Ain FC,600000.0,Kairo,Egypt,30.0443879,31.2357257
Egypt,6,Mohamed Abdelmonem,https://www.transfermarkt.com/mohamed-abdelmonem/profil/spieler/566025,Centre-Back,1999-02-01,OGC Nice,2500000.0,Zagazig,Egypt,30.5853431,31.5035127
Egypt,7,Trezeguet,https://www.transfermarkt.com/trezeguet/profil/spieler/234189,Left Winger,1994-10-01,Al Ahly FC,4500000.0,Kafr El-Sheikh,Egypt,31.3814765,30.8513566
Egypt,8,Emam Ashour,https://www.transfermarkt.com/emam-ashour/profil/spieler/604008,Central Midfield,1998-02-20,Al Ahly FC,4000000.0,El Senbellawein,Egypt,30.8814711,31.4624047
Egypt,9,Hamza Abdelkarim,https://www.transfermarkt.com/hamza-abdelkarim/profil/spieler/1259085,Centre-Forward,2008-01-01,FC Barcelona U19,1500000.0,Kairo,Egypt,30.0443879,31.2357257
Egypt,10,Mohamed Salah,https://www.transfermarkt.com/mohamed-salah/profil/spieler/148455,Right Winger,1992-06-15,Liverpool FC,22000000.0,"Nagrig, Basyoun",Egypt,,
Egypt,11,Mostafa Ziko,https://www.transfermarkt.com/mostafa-ziko/profil/spieler/896616,Left Winger,1997-04-27,Pyramids FC,1800000.0,Alexandria,Egypt,31.1991806,29.8951716
Egypt,12,Haissem Hassan,https://www.transfermarkt.com/haissem-hassan/profil/spieler/620164,Right Winger,2002-02-08,Real Oviedo,3500000.0,Bagnolet,France,48.8688199,2.4173658
Egypt,13,Ahmed Fatouh,https://www.transfermarkt.com/ahmed-fatouh/profil/spieler/465966,Left-Back,1998-03-22,Zamalek SC,1000000.0,Kairo,Egypt,30.0443879,31.2357257
Egypt,14,Hamdy Fathy,https://www.transfermarkt.com/hamdy-fathy/profil/spieler/340303,Defensive Midfield,1994-09-29,Al-Wakrah SC,1800000.0,Behira,Egypt,,
Egypt,15,Karim Hafez,https://www.transfermarkt.com/karim-hafez/profil/spieler/333004,Left-Back,1996-03-12,Pyramids FC,700000.0,Beheira,Egypt,30.7915206,30.3465488
Egypt,16,El Mahdi Soliman,https://www.transfermarkt.com/el-mahdi-soliman/profil/spieler/104951,Goalkeeper,1987-06-08,Zamalek SC,150000.0,,,,
Egypt,17,Mohanad Lasheen,https://www.transfermarkt.com/mohanad-lasheen/profil/spieler/479682,Defensive Midfield,1996-05-29,Pyramids FC,3000000.0,Kairo,Egypt,30.0443879,31.2357257
Egypt,18,Nabil Dunga,https://www.transfermarkt.com/nabil-dunga/profil/spieler/479683,Defensive Midfield,1996-04-06,Al-Najma SC,1000000.0,,,,
Egypt,19,Marwan Ateya,https://www.transfermarkt.com/marwan-ateya/profil/spieler/734542,Defensive Midfield,1998-08-01,Al Ahly FC,4000000.0,Kafr El Dawwar,Egypt,,
Egypt,20,Ibrahim Adel,https://www.transfermarkt.com/ibrahim-adel/profil/spieler/677278,Left Winger,2001-04-23,FC Nordsjaelland,2500000.0,Port Said,Egypt,31.263235,32.305505
Egypt,21,Mahmoud Saber,https://www.transfermarkt.com/mahmoud-saber/profil/spieler/729390,Central Midfield,2001-07-30,Zed FC,1500000.0,Desouk,Egypt,31.128233,30.646198
Egypt,22,Omar Marmoush,https://www.transfermarkt.com/omar-marmoush/profil/spieler/445939,Centre-Forward,1999-02-07,Manchester City,50000000.0,Cairo,Egypt,30.0443879,31.2357257
Egypt,23,Oufa Shobeir,https://www.transfermarkt.com/oufa-shobeir/profil/spieler/661455,Goalkeeper,2000-05-15,Al Ahly FC,1200000.0,Giza,Egypt,29.9870753,31.2118063
Egypt,24,Tarek Alaa,https://www.transfermarkt.com/tarek-alaa/profil/spieler/1087789,Right-Back,2002-01-05,Zed FC,250000.0,,,,
Egypt,25,Zizo,https://www.transfermarkt.com/zizo/profil/spieler/320722,Right Winger,1996-01-10,Al Ahly FC,3500000.0,Minya,Egypt,28.2125404,30.9123741
Egypt,26,Mohamed Alaa,https://www.transfermarkt.com/mohamed-alaa/profil/spieler/1307898,Goalkeeper,1999-09-01,El Gouna FC,1200000.0,Ismailia,Egypt,30.6043775,32.2770825
England,1,Jordan Pickford,https://www.transfermarkt.com/jordan-pickford/profil/spieler/130164,Goalkeeper,1994-03-07,Everton FC,13000000.0,Washington,England,54.898614,-1.528827
England,2,Ezri Konsa,https://www.transfermarkt.com/ezri-konsa/profil/spieler/413403,Centre-Back,1997-10-23,Aston Villa,40000000.0,London,England,51.5074456,-0.1277653
England,3,Nico O'Reilly,https://www.transfermarkt.com/nico-oreilly/profil/spieler/743413,Left-Back,2005-03-21,Manchester City,70000000.0,Manchester,England,53.4424618,-2.2324547
England,4,Declan Rice,https://www.transfermarkt.com/declan-rice/profil/spieler/357662,Central Midfield,1999-01-14,Arsenal FC,120000000.0,London,England,51.5074456,-0.1277653
England,5,John Stones,https://www.transfermarkt.com/john-stones/profil/spieler/186590,Centre-Back,1994-05-28,Manchester City,12000000.0,Barnsley,England,53.5527719,-1.4827755
England,6,Marc Guéhi,https://www.transfermarkt.com/marc-guehi/profil/spieler/392757,Centre-Back,2000-07-13,Manchester City,70000000.0,Abidjan,Cote d'Ivoire,5.320357,-4.016107
England,7,Bukayo Saka,https://www.transfermarkt.com/bukayo-saka/profil/spieler/433177,Right Winger,2001-09-05,Arsenal FC,110000000.0,London,England,51.5074456,-0.1277653
England,8,Elliot Anderson,https://www.transfermarkt.com/elliot-anderson/profil/spieler/567576,Central Midfield,2002-11-06,Nottingham Forest,75000000.0,Whitley Bay,England,55.0422091,-1.4454353
England,9,Harry Kane,https://www.transfermarkt.com/harry-kane/profil/spieler/132098,Centre-Forward,1993-07-28,Bayern Munich,60000000.0,London,England,51.5074456,-0.1277653
England,10,Jude Bellingham,https://www.transfermarkt.com/jude-bellingham/profil/spieler/581678,Attacking Midfield,2003-06-29,Real Madrid,130000000.0,Stourbridge,England,52.4577615,-2.1474345
England,11,Marcus Rashford,https://www.transfermarkt.com/marcus-rashford/profil/spieler/258923,Left Winger,1997-10-31,FC Barcelona,40000000.0,Manchester,England,53.4424618,-2.2324547
England,12,Tino Livramento,https://www.transfermarkt.com/tino-livramento/profil/spieler/503981,Right-Back,2002-11-12,Newcastle United,45000000.0,London,England,51.5074456,-0.1277653
England,13,Dean Henderson,https://www.transfermarkt.com/dean-henderson/profil/spieler/258919,Goalkeeper,1997-03-12,Crystal Palace,28000000.0,Whitehaven,England,54.5474199,-3.5885335
England,14,Jordan Henderson,https://www.transfermarkt.com/jordan-henderson/profil/spieler/61651,Defensive Midfield,1990-06-17,Brentford FC,1200000.0,Sunderland,England,54.9058512,-1.3828727
England,15,Dan Burn,https://www.transfermarkt.com/dan-burn/profil/spieler/134270,Centre-Back,1992-05-09,Newcastle United,4000000.0,Blyth,England,55.1270903,-1.5099726
England,16,Kobbie Mainoo,https://www.transfermarkt.com/kobbie-mainoo/profil/spieler/820374,Central Midfield,2005-04-19,Manchester United,70000000.0,Stockport,England,53.407901,-2.160243
England,17,Morgan Rogers,https://www.transfermarkt.com/morgan-rogers/profil/spieler/503743,Attacking Midfield,2002-07-26,Aston Villa,90000000.0,Halesowen,England,52.4492074,-2.0514646
England,18,Anthony Gordon,https://www.transfermarkt.com/anthony-gordon/profil/spieler/503733,Left Winger,2001-02-24,Newcastle United,65000000.0,Liverpool,England,53.3933411,-2.9166389
England,19,Ollie Watkins,https://www.transfermarkt.com/ollie-watkins/profil/spieler/324358,Centre-Forward,1995-12-30,Aston Villa,25000000.0,Torquay,England,50.4652392,-3.5211361
England,20,Noni Madueke,https://www.transfermarkt.com/noni-madueke/profil/spieler/503987,Right Winger,2002-03-10,Arsenal FC,50000000.0,London,England,51.5074456,-0.1277653
England,21,Eberechi Eze,https://www.transfermarkt.com/eberechi-eze/profil/spieler/479999,Attacking Midfield,1998-06-29,Arsenal FC,65000000.0,London,England,51.5074456,-0.1277653
England,22,Ivan Toney,https://www.transfermarkt.com/ivan-toney/profil/spieler/251664,Centre-Forward,1996-03-16,Al-Ahli SFC,20000000.0,Northampton,England,52.2343297,-0.9028043
England,23,James Trafford,https://www.transfermarkt.com/james-trafford/profil/spieler/566799,Goalkeeper,2002-10-10,Manchester City,25000000.0,Greysouthen,England,54.6490038,-3.4409413
England,24,Reece James,https://www.transfermarkt.com/reece-james/profil/spieler/472423,Right-Back,1999-12-08,Chelsea FC,60000000.0,London,England,51.5074456,-0.1277653
England,25,Djed Spence,https://www.transfermarkt.com/djed-spence/profil/spieler/483348,Left-Back,2000-08-09,Tottenham Hotspur,30000000.0,London,England,51.5074456,-0.1277653
England,26,Jarell Quansah,https://www.transfermarkt.com/jarell-quansah/profil/spieler/632349,Centre-Back,2003-01-29,Bayer 04 Leverkusen,45000000.0,Warrington,England,53.4015716,-2.5681941
France,1,Brice Samba,https://www.transfermarkt.com/brice-samba/profil/spieler/191056,Goalkeeper,1994-04-25,Stade Rennais FC,7000000.0,Linzolo,Congo,-4.413723,15.1068663
France,2,Malo Gusto,https://www.transfermarkt.com/malo-gusto/profil/spieler/620322,Right-Back,2003-05-19,Chelsea FC,35000000.0,Décines-Charpieu,France,45.773606,4.9633314
France,3,Lucas Digne,https://www.transfermarkt.com/lucas-digne/profil/spieler/126664,Left-Back,1993-07-20,Aston Villa,6000000.0,Meaux,France,48.9582708,2.8773541
France,4,Dayot Upamecano,https://www.transfermarkt.com/dayot-upamecano/profil/spieler/344695,Centre-Back,1998-10-27,Bayern Munich,70000000.0,Évreux,France,49.0268903,1.1510164
France,5,Jules Koundé,https://www.transfermarkt.com/jules-kounde/profil/spieler/411975,Right-Back,1998-11-12,FC Barcelona,60000000.0,Paris,France,48.8588897,2.320041
France,6,Manu Koné,https://www.transfermarkt.com/manu-kone/profil/spieler/624690,Central Midfield,2001-05-17,AS Roma,50000000.0,Colombes,France,48.9227298,2.2543631
France,7,Ousmane Dembélé,https://www.transfermarkt.com/ousmane-dembele/profil/spieler/288230,Centre-Forward,1997-05-15,Paris Saint-Germain,100000000.0,Vernon,France,49.0932008,1.4857205
France,8,Aurélien Tchouaméni,https://www.transfermarkt.com/aurelien-tchouameni/profil/spieler/413112,Defensive Midfield,2000-01-27,Real Madrid,70000000.0,Rouen,France,49.4404591,1.0939658
France,9,Marcus Thuram,https://www.transfermarkt.com/marcus-thuram/profil/spieler/318528,Centre-Forward,1997-08-06,Inter Milan,50000000.0,Parma,Italy,44.6952006,10.0979869
France,10,Kylian Mbappé,https://www.transfermarkt.com/kylian-mbappe/profil/spieler/342229,Centre-Forward,1998-12-20,Real Madrid,180000000.0,Paris,France,48.8588897,2.320041
France,11,Michael Olise,https://www.transfermarkt.com/michael-olise/profil/spieler/566723,Right Winger,2001-12-12,Bayern Munich,150000000.0,London,England,51.5074456,-0.1277653
France,12,Bradley Barcola,https://www.transfermarkt.com/bradley-barcola/profil/spieler/708265,Left Winger,2002-09-02,Paris Saint-Germain,70000000.0,Lyon,France,45.7578137,4.8320114
France,13,N'Golo Kanté,https://www.transfermarkt.com/ngolo-kante/profil/spieler/225083,Defensive Midfield,1991-03-29,Fenerbahce,4000000.0,Paris,France,48.8588897,2.320041
France,14,Adrien Rabiot,https://www.transfermarkt.com/adrien-rabiot/profil/spieler/182913,Central Midfield,1995-04-03,AC Milan,18000000.0,Saint-Maurice,France,48.3275249,7.3363439
France,15,Ibrahima Konaté,https://www.transfermarkt.com/ibrahima-konate/profil/spieler/357119,Centre-Back,1999-05-25,Liverpool FC,45000000.0,Paris,France,48.8588897,2.320041
France,16,Mike Maignan,https://www.transfermarkt.com/mike-maignan/profil/spieler/182906,Goalkeeper,1995-07-03,AC Milan,20000000.0,Cayenne,French Guiana,4.9371544,-52.3258736
France,17,William Saliba,https://www.transfermarkt.com/william-saliba/profil/spieler/495666,Centre-Back,2001-03-24,Arsenal FC,100000000.0,Bondy,France,48.9031,2.48291
France,18,Warren Zaïre-Emery,https://www.transfermarkt.com/warren-zaire-emery/profil/spieler/810092,Central Midfield,2006-03-08,Paris Saint-Germain,80000000.0,Montreuil,France,50.4638918,1.7631125
France,19,Theo Hernández,https://www.transfermarkt.com/theo-hernandez/profil/spieler/339808,Left-Back,1997-10-06,Al-Hilal SFC,20000000.0,Marseille,France,43.2963986,5.3777888
France,20,Désiré Doué,https://www.transfermarkt.com/desire-doue/profil/spieler/914562,Right Winger,2005-06-03,Paris Saint-Germain,120000000.0,Angers,France,47.4739884,-0.5515588
France,21,Lucas Hernández,https://www.transfermarkt.com/lucas-hernandez/profil/spieler/281963,Left-Back,1996-02-14,Paris Saint-Germain,18000000.0,Marseille,France,43.2963986,5.3777888
France,22,Jean-Philippe Mateta,https://www.transfermarkt.com/jean-philippe-mateta/profil/spieler/420002,Centre-Forward,1997-06-28,Crystal Palace,30000000.0,Sevran,France,48.937634,2.5298164
France,23,Robin Risser,https://www.transfermarkt.com/robin-risser/profil/spieler/743515,Goalkeeper,2004-12-02,RC Lens,30000000.0,Colmar,France,48.0777517,7.3579641
France,24,Rayan Cherki,https://www.transfermarkt.com/rayan-cherki/profil/spieler/607223,Attacking Midfield,2003-08-17,Manchester City,90000000.0,Lyon,France,45.7578137,4.8320114
France,25,Maghnes Akliouche,https://www.transfermarkt.com/maghnes-akliouche/profil/spieler/745200,Right Winger,2002-02-25,AS Monaco,50000000.0,Tremblay-en-France,France,48.9802035,2.5589558
France,26,Maxence Lacroix,https://www.transfermarkt.com/maxence-lacroix/profil/spieler/434224,Centre-Back,2000-04-06,Crystal Palace,50000000.0,Villeneuve-Saint-Georges,France,48.7305272,2.44782
Germany,1,Manuel Neuer,https://www.transfermarkt.com/manuel-neuer/profil/spieler/17259,Goalkeeper,1986-03-27,Bayern Munich,4000000.0,Gelsenkirchen,Germany,51.5110321,7.0960124
Germany,2,Antonio Rüdiger,https://www.transfermarkt.com/antonio-rudiger/profil/spieler/86202,Centre-Back,1993-03-03,Real Madrid,6000000.0,Berlin,Germany,52.5173885,13.3951309
Germany,3,Waldemar Anton,https://www.transfermarkt.com/waldemar-anton/profil/spieler/193004,Centre-Back,1996-07-20,Borussia Dortmund,18000000.0,Almalyk,Uzbekistan,40.845729,69.6071609
Germany,4,Jonathan Tah,https://www.transfermarkt.com/jonathan-tah/profil/spieler/196357,Centre-Back,1996-02-11,Bayern Munich,28000000.0,Hamburg,Germany,53.5501721,10.0013165
Germany,5,Aleksandar Pavlovic,https://www.transfermarkt.com/aleksandar-pavlovic/profil/spieler/792380,Defensive Midfield,2004-05-03,Bayern Munich,90000000.0,München,Germany,48.1371079,11.5753822
Germany,6,Joshua Kimmich,https://www.transfermarkt.com/joshua-kimmich/profil/spieler/161056,Defensive Midfield,1995-02-08,Bayern Munich,35000000.0,Rottweil,Germany,48.1678244,8.626979
Germany,7,Kai Havertz,https://www.transfermarkt.com/kai-havertz/profil/spieler/309400,Centre-Forward,1999-06-11,Arsenal FC,55000000.0,Aachen,Germany,50.776351,6.083862
Germany,8,Leon Goretzka,https://www.transfermarkt.com/leon-goretzka/profil/spieler/153084,Central Midfield,1995-02-06,Bayern Munich,12000000.0,Bochum,Germany,51.4818111,7.2196635
Germany,9,Jamie Leweling,https://www.transfermarkt.com/jamie-leweling/profil/spieler/518505,Right Winger,2001-02-26,VfB Stuttgart,40000000.0,Nürnberg,Germany,49.453872,11.077298
Germany,10,Jamal Musiala,https://www.transfermarkt.com/jamal-musiala/profil/spieler/580195,Attacking Midfield,2003-02-26,Bayern Munich,100000000.0,Stuttgart,Germany,48.7784485,9.1800132
Germany,11,Nick Woltemade,https://www.transfermarkt.com/nick-woltemade/profil/spieler/455661,Centre-Forward,2002-02-14,Newcastle United,55000000.0,Bremen,Germany,53.0758196,8.8071646
Germany,12,Oliver Baumann,https://www.transfermarkt.com/oliver-baumann/profil/spieler/55089,Goalkeeper,1990-06-02,TSG 1899 Hoffenheim,2500000.0,Breisach am Rhein,Germany,48.0291415,7.5806123
Germany,13,Pascal Groß,https://www.transfermarkt.com/pascal-gross/profil/spieler/82873,Central Midfield,1991-06-15,Brighton & Hove Albion,2500000.0,Mannheim,Germany,49.4892913,8.4673098
Germany,14,Maximilian Beier,https://www.transfermarkt.com/maximilian-beier/profil/spieler/578392,Centre-Forward,2002-10-17,Borussia Dortmund,40000000.0,Brandenburg an der Havel,Germany,52.4108261,12.5497933
Germany,15,Nico Schlotterbeck,https://www.transfermarkt.com/nico-schlotterbeck/profil/spieler/388198,Centre-Back,1999-12-01,Borussia Dortmund,55000000.0,Waiblingen,Germany,48.8325659,9.3163822
Germany,16,Angelo Stiller,https://www.transfermarkt.com/angelo-stiller/profil/spieler/443710,Defensive Midfield,2001-04-04,VfB Stuttgart,45000000.0,München,Germany,48.1371079,11.5753822
Germany,17,Florian Wirtz,https://www.transfermarkt.com/florian-wirtz/profil/spieler/598577,Attacking Midfield,2003-05-03,Liverpool FC,100000000.0,Pulheim,Germany,50.9979888,6.8025409
Germany,18,Nathaniel Brown,https://www.transfermarkt.com/nathaniel-brown/profil/spieler/691892,Left-Back,2003-06-16,Eintracht Frankfurt,40000000.0,Amberg,Germany,49.4543662,11.8474021
Germany,19,Leroy Sané,https://www.transfermarkt.com/leroy-sane/profil/spieler/192565,Right Winger,1996-01-11,Galatasaray,20000000.0,Essen,Germany,51.4582235,7.0158171
Germany,20,Nadiem Amiri,https://www.transfermarkt.com/nadiem-amiri/profil/spieler/232454,Central Midfield,1996-10-27,1.FSV Mainz 05,17000000.0,Ludwigshafen am Rhein,Germany,49.4704113,8.4381568
Germany,21,Alexander Nübel,https://www.transfermarkt.com/alexander-nubel/profil/spieler/195778,Goalkeeper,1996-09-30,VfB Stuttgart,12000000.0,Paderborn,Germany,51.7177044,8.752653
Germany,22,David Raum,https://www.transfermarkt.com/david-raum/profil/spieler/318204,Left-Back,1998-04-22,RB Leipzig,25000000.0,Nürnberg,Germany,49.453872,11.077298
Germany,23,Felix Nmecha,https://www.transfermarkt.com/felix-nmecha/profil/spieler/406640,Central Midfield,2000-10-10,Borussia Dortmund,50000000.0,Hamburg,Germany,53.5501721,10.0013165
Germany,24,Malick Thiaw,https://www.transfermarkt.com/malick-thiaw/profil/spieler/521964,Centre-Back,2001-08-08,Newcastle United,45000000.0,Düsseldorf,Germany,51.2254018,6.7763137
Germany,25,Assan Ouédraogo,https://www.transfermarkt.com/assan-ouedraogo/profil/spieler/897424,Central Midfield,2006-05-09,RB Leipzig,28000000.0,Mülheim an der Ruhr,Germany,51.4272925,6.8829192
Germany,26,Deniz Undav,https://www.transfermarkt.com/deniz-undav/profil/spieler/339314,Centre-Forward,1996-07-19,VfB Stuttgart,22000000.0,Varel,Germany,53.395777,8.1372149
Ghana,1,Lawrence Ati Zigi,https://www.transfermarkt.com/lawrence-ati-zigi/profil/spieler/254285,Goalkeeper,1996-11-29,FC St. Gallen 1879,1500000.0,Accra,Ghana,5.5571096,-0.2012376
Ghana,2,Alidu Seidu,https://www.transfermarkt.com/alidu-seidu/profil/spieler/798404,Centre-Back,2000-06-04,Stade Rennais FC,6000000.0,Accra,Ghana,5.5571096,-0.2012376
Ghana,3,Caleb Yirenkyi,https://www.transfermarkt.com/caleb-yirenkyi/profil/spieler/1240763,Central Midfield,2006-01-15,FC Nordsjaelland,10000000.0,Bechem,Ghana,7.08778,-2.0246
Ghana,4,Jonas Adjetey,https://www.transfermarkt.com/jonas-adjetey/profil/spieler/734676,Centre-Back,2003-12-13,VfL Wolfsburg,6000000.0,Accra,Ghana,5.5571096,-0.2012376
Ghana,5,Thomas Partey,https://www.transfermarkt.com/thomas-partey/profil/spieler/230784,Defensive Midfield,1993-06-13,Villarreal CF,2000000.0,Odumase Krobo,Ghana,6.1518553,0.0189578
Ghana,6,Abdul Mumin,https://www.transfermarkt.com/abdul-mumin/profil/spieler/451801,Centre-Back,1998-06-06,Rayo Vallecano,3000000.0,Accra,Ghana,5.5571096,-0.2012376
Ghana,7,Abdul Fatawu,https://www.transfermarkt.com/abdul-fatawu/profil/spieler/864121,Right Winger,2004-03-08,Leicester City,20000000.0,Tamale,Ghana,9.4051992,-0.8423986
Ghana,8,Kwasi Sibo,https://www.transfermarkt.com/kwasi-sibo/profil/spieler/538006,Central Midfield,1998-06-24,Real Oviedo,1400000.0,Wa,Ghana,10.0623261,-2.5054273
Ghana,9,Jordan Ayew,https://www.transfermarkt.com/jordan-ayew/profil/spieler/108354,Centre-Forward,1991-09-11,Leicester City,1000000.0,Marseille,France,43.2963986,5.3777888
Ghana,10,Brandon Thomas-Asante,https://www.transfermarkt.com/brandon-thomas-asante/profil/spieler/451747,Centre-Forward,1998-12-29,Coventry City,16000000.0,Milton Keynes,England,52.0406502,-0.7594092
Ghana,11,Antoine Semenyo,https://www.transfermarkt.com/antoine-semenyo/profil/spieler/583255,Right Winger,2000-01-07,Manchester City,80000000.0,London,England,51.5074456,-0.1277653
Ghana,12,Joseph Anang,https://www.transfermarkt.com/joseph-anang/profil/spieler/576099,Goalkeeper,2000-06-08,St. Patrick's Athletic,350000.0,Teshie,Ghana,5.5822343,-0.1135104
Ghana,13,Christopher Bonsu Baah,https://www.transfermarkt.com/christopher-bonsu-baah/profil/spieler/1119447,Left Winger,2004-12-14,Al-Qadsiah FC,14000000.0,Accra,Ghana,5.5571096,-0.2012376
Ghana,14,Gideon Mensah,https://www.transfermarkt.com/gideon-mensah/profil/spieler/397171,Left-Back,1998-07-18,AJ Auxerre,4000000.0,Accra,Ghana,5.5571096,-0.2012376
Ghana,15,Elisha Owusu,https://www.transfermarkt.com/elisha-owusu/profil/spieler/395695,Defensive Midfield,1997-11-07,AJ Auxerre,4000000.0,Montreuil,France,50.4638918,1.7631125
Ghana,16,Benjamin Asare,https://www.transfermarkt.com/benjamin-asare/profil/spieler/837368,Goalkeeper,1992-07-13,Hearts of Oak,100000.0,,,,
Ghana,17,Abdul Rahman Baba,https://www.transfermarkt.com/abdul-rahman-baba/profil/spieler/224884,Left-Back,1994-07-02,PAOK Thessaloniki,2000000.0,Tamale,Ghana,9.4051992,-0.8423986
Ghana,18,Jerome Opoku,https://www.transfermarkt.com/jerome-opoku/profil/spieler/408563,Centre-Back,1998-10-14,Basaksehir FK,5000000.0,London,England,51.5074456,-0.1277653
Ghana,19,Iñaki Williams,https://www.transfermarkt.com/inaki-williams/profil/spieler/255508,Right Winger,1994-06-15,Athletic Bilbao,8000000.0,Bilbao,Spain,43.2630018,-2.9350039
Ghana,20,Augustine Boakye,https://www.transfermarkt.com/augustine-boakye/profil/spieler/579263,Attacking Midfield,2000-11-03,AS Saint-Étienne,6000000.0,Bompata,Ghana,6.634161,-1.059595
Ghana,21,Kojo Peprah Oppong,https://www.transfermarkt.com/kojo-peprah-oppong/profil/spieler/1113451,Centre-Back,2004-06-04,OGC Nice,10000000.0,Accra,Ghana,5.5571096,-0.2012376
Ghana,22,Kamaldeen Sulemana,https://www.transfermarkt.com/kamaldeen-sulemana/profil/spieler/746695,Left Winger,2002-02-15,Atalanta BC,17000000.0,Techiman,Ghana,7.584971,-1.936401
Ghana,23,Derrick Luckassen,https://www.transfermarkt.com/derrick-luckassen/profil/spieler/241457,Centre-Back,1995-07-03,Pafos FC,1000000.0,Amsterdam,Netherlands,52.3730796,4.8924534
Ghana,24,Ernest Nuamah,https://www.transfermarkt.com/ernest-nuamah/profil/spieler/955070,Right Winger,2003-11-01,Olympique Lyon,10000000.0,Kumasi,Ghana,6.6985605,-1.6233086
Ghana,25,Prince Adu,https://www.transfermarkt.com/prince-adu/profil/spieler/734799,Centre-Forward,2003-09-23,FC Viktoria Plzen,3000000.0,Sunyani,Ghana,7.3384389,-2.3309226
Ghana,26,Marvin Senaya,https://www.transfermarkt.com/marvin-senaya/profil/spieler/830890,Right-Back,2001-01-28,AJ Auxerre,3000000.0,Saint-Maurice,France,48.3275249,7.3363439
Haiti,1,Johny Placide,https://www.transfermarkt.com/johny-placide/profil/spieler/51035,Goalkeeper,1988-01-29,SC Bastia,150000.0,Montfermeil,France,48.8992679,2.5660399
Haiti,2,Carlens Arcus,https://www.transfermarkt.com/carlens-arcus/profil/spieler/371686,Right-Back,1996-06-28,Angers SCO,1800000.0,Port-au-Prince,Haiti,18.547327,-72.3395928
Haiti,3,Keeto Thermoncy,https://www.transfermarkt.com/keeto-thermoncy/profil/spieler/1061046,Centre-Back,2006-03-29,BSC Young Boys U21,100000.0,Fribourg,Switzerland,46.6789116,7.1027113
Haiti,4,Ricardo Adé,https://www.transfermarkt.com/ricardo-ade/profil/spieler/278145,Centre-Back,1990-05-21,LDU Quito,300000.0,Saint-Marc,Haiti,19.1020269,-72.699511
Haiti,5,Hannes Delcroix,https://www.transfermarkt.com/hannes-delcroix/profil/spieler/338635,Centre-Back,1999-02-28,FC Lugano,2000000.0,Petite-Rivière-de-l'Artibonite,Haiti,19.1228446,-72.4798459
Haiti,6,Carl Sainté,https://www.transfermarkt.com/carl-sainte/profil/spieler/718244,Defensive Midfield,2002-08-09,El Paso Locomotive FC,125000.0,Grand-Goâve,Haiti,18.4282512,-72.7681957
Haiti,7,Derrick Etienne Jr.,https://www.transfermarkt.com/derrick-etienne-jr-/profil/spieler/354763,Left Winger,1996-11-25,Toronto FC,800000.0,"Richmond, Virginia",United States,37.5385087,-77.43428
Haiti,8,Martin Expérience,https://www.transfermarkt.com/martin-experience/profil/spieler/804885,Left-Back,1999-03-09,AS Nancy-Lorraine,350000.0,Châteaubriant,France,47.7194057,-1.3757282
Haiti,9,Duckens Nazon,https://www.transfermarkt.com/duckens-nazon/profil/spieler/345763,Centre-Forward,1994-04-07,Esteghlal FC,800000.0,Châtenay-Malabry,France,48.7670404,2.2775316
Haiti,10,Jean-Ricner Bellegarde,https://www.transfermarkt.com/jean-ricner-bellegarde/profil/spieler/450050,Central Midfield,1998-06-27,Wolverhampton Wanderers,16000000.0,Colombes,France,48.9227298,2.2543631
Haiti,11,Louicius Deedson,https://www.transfermarkt.com/louicius-deedson/profil/spieler/646108,Right Winger,2001-02-11,FC Dallas,1200000.0,Tabarre,Haiti,18.5619986,-72.2507176
Haiti,12,Alexandre Pierre,https://www.transfermarkt.com/alexandre-pierre/profil/spieler/838947,Goalkeeper,2001-02-25,FC Sochaux-Montbéliard,700000.0,Aubervilliers,France,48.9146078,2.3821895
Haiti,13,Duke Lacroix,https://www.transfermarkt.com/duke-lacroix/profil/spieler/375472,Left-Back,1993-10-14,Colorado Springs Switchbacks FC,125000.0,"New Egypt, New Jersey",United States,40.0654375,-74.5226681
Haiti,15,Ruben Providence,https://www.transfermarkt.com/ruben-providence/profil/spieler/536520,Left Winger,2001-07-07,Almere City FC,300000.0,Lagny-sur-Marne,France,48.8773018,2.7056056
Haiti,16,Lenny Joseph,https://www.transfermarkt.com/lenny-joseph/profil/spieler/815359,Centre-Forward,2000-10-12,Ferencvárosi TC,2000000.0,Paris,France,48.8588897,2.320041
Haiti,17,Danley Jean Jacques,https://www.transfermarkt.com/danley-jean-jacques/profil/spieler/628834,Defensive Midfield,2000-05-20,Philadelphia Union,3000000.0,Petit-Goâve,Haiti,18.4326935,-72.865384
Haiti,18,Wilson Isidor,https://www.transfermarkt.com/wilson-isidor/profil/spieler/494237,Centre-Forward,2000-08-27,Sunderland AFC,18000000.0,Rennes,France,48.1113387,-1.6800198
Haiti,19,Yassin Fortuné,https://www.transfermarkt.com/yassin-fortune/profil/spieler/342878,Centre-Forward,1999-01-30,FC Vizela,300000.0,Aubervilliers,France,48.9146078,2.3821895
Haiti,20,Frantzdy Pierrot,https://www.transfermarkt.com/frantzdy-pierrot/profil/spieler/492955,Centre-Forward,1995-03-29,Caykur Rizespor,1500000.0,Cap-Haïtien,Haiti,19.7595236,-72.2008068
Haiti,21,Josué Casimir,https://www.transfermarkt.com/josue-casimir/profil/spieler/763182,Right Winger,2001-09-24,AJ Auxerre,3000000.0,Baie-Mahault,Guadeloupe,16.2679458,-61.5870766
Haiti,22,Jean-Kévin Duverne,https://www.transfermarkt.com/jean-kevin-duverne/profil/spieler/344864,Centre-Back,1997-07-12,KAA Gent,2000000.0,Paris,France,48.8588897,2.320041
Haiti,23,Josué Duverger,https://www.transfermarkt.com/josue-duverger/profil/spieler/490369,Goalkeeper,2000-04-27,FC Cosmos Koblenz,50000.0,"Montréal, Québec",Canada,45.5031824,-73.5698065
Haiti,24,Wilguens Paugain,https://www.transfermarkt.com/wilguens-paugain/profil/spieler/609691,Right-Back,2001-08-24,Zulte Waregem,800000.0,Thomazeau,Haiti,18.6521176,-72.0938014
Haiti,25,Dominique Simon,https://www.transfermarkt.com/dominique-simon/profil/spieler/988188,Defensive Midfield,2000-07-29,FC Tatran Presov,200000.0,Pontoise,France,49.0508845,2.1008067
Haiti,26,Woodensky Pierre,https://www.transfermarkt.com/woodensky-pierre/profil/spieler/1017735,Defensive Midfield,2004-12-30,Violette Athletic Club,100000.0,Cité Soleil,Haiti,18.5783693,-72.3355123
Iran,1,Alireza Beiranvand,https://www.transfermarkt.com/alireza-beiranvand/profil/spieler/229081,Goalkeeper,1992-09-21,Tractor FC,650000.0,"Khorramabad, Lorestan",Iran,33.4842109,48.3538276
Iran,2,Saleh Hardani,https://www.transfermarkt.com/saleh-hardani/profil/spieler/697155,Right-Back,1998-12-26,Esteghlal FC,800000.0,"Bahmaei, Khuzestan",Iran,,
Iran,3,Ehsan Hajsafi,https://www.transfermarkt.com/ehsan-hajsafi/profil/spieler/77547,Left-Back,1990-02-25,Sepahan FC,250000.0,"Kashan, Isfahan",Iran,33.9876533,51.4428856
Iran,4,Shoja Khalilzadeh,https://www.transfermarkt.com/shoja-khalilzadeh/profil/spieler/213715,Centre-Back,1989-05-14,Tractor FC,100000.0,"Bahnemir, Mazandaran",Iran,36.6702899,52.7620524
Iran,5,Milad Mohammadi,https://www.transfermarkt.com/milad-mohammadi/profil/spieler/333355,Left-Back,1993-09-29,Persepolis FC,900000.0,Tehran,Iran,35.6892523,51.3896004
Iran,6,Saeed Ezatolahi,https://www.transfermarkt.com/saeed-ezatolahi/profil/spieler/249271,Defensive Midfield,1996-10-01,Shabab Al-Ahli Club,1800000.0,"Bandar Anzali, Gilan",Iran,37.4716356,49.4685904
Iran,7,Alireza Jahanbakhsh,https://www.transfermarkt.com/alireza-jahanbakhsh/profil/spieler/213268,Right Winger,1993-08-11,FCV Dender EH,500000.0,"Jirandeh, Gilan",Iran,36.7021301,49.7957151
Iran,8,Mohammad Mohebi,https://www.transfermarkt.com/mohammad-mohebi/profil/spieler/603149,Left Winger,1998-12-20,FC Rostov,2500000.0,Bushehr,Iran,28.8936645,51.3204877
Iran,9,Mehdi Taremi,https://www.transfermarkt.com/mehdi-taremi/profil/spieler/307058,Centre-Forward,1992-07-18,Olympiacos Piraeus,2000000.0,Bushehr,Iran,28.8936645,51.3204877
Iran,10,Mehdi Ghayedi,https://www.transfermarkt.com/mehdi-ghayedi/profil/spieler/478192,Left Winger,1998-12-05,Al-Nasr SC (UAE),4500000.0,Bushehr,Iran,28.8936645,51.3204877
Iran,11,Ali Alipour,https://www.transfermarkt.com/ali-alipour/profil/spieler/249360,Centre-Forward,1995-11-11,Persepolis FC,1700000.0,"Qaemshahr, Mazandaran",Iran,36.5170708,53.0654516
Iran,12,Payam Niazmand,https://www.transfermarkt.com/payam-niazmand/profil/spieler/343044,Goalkeeper,1995-04-06,Persepolis FC,700000.0,Tehran,Iran,35.6892523,51.3896004
Iran,13,Hossein Kanaani,https://www.transfermarkt.com/hossein-kanaani/profil/spieler/249400,Centre-Back,1994-03-23,Persepolis FC,1600000.0,"Mahshahr, Khuzestan",Iran,30.5577268,49.1997454
Iran,14,Saman Ghoddos,https://www.transfermarkt.com/saman-ghoddos/profil/spieler/204294,Attacking Midfield,1993-09-06,Kalba FC,1200000.0,Malmö,Sweden,55.6052931,13.0001566
Iran,15,Roozbeh Cheshmi,https://www.transfermarkt.com/roozbeh-cheshmi/profil/spieler/273879,Defensive Midfield,1993-07-24,Esteghlal FC,450000.0,Tehran,Iran,35.6892523,51.3896004
Iran,16,Mehdi Torabi,https://www.transfermarkt.com/mehdi-torabi/profil/spieler/283833,Left Winger,1994-09-10,Tractor FC,1200000.0,"Karaj, Alborz",Iran,35.8224892,50.9904681
Iran,17,Arya Yousefi,https://www.transfermarkt.com/arya-yousefi/profil/spieler/932724,Right-Back,2002-04-22,Sepahan FC,1500000.0,"Mahshahr, Khuzestan",Iran,30.5577268,49.1997454
Iran,18,Amirhossein Hosseinzadeh,https://www.transfermarkt.com/amirhossein-hosseinzadeh/profil/spieler/542380,Centre-Forward,2000-10-30,Tractor FC,2200000.0,Tehran,Iran,35.6892523,51.3896004
Iran,19,Ali Nemati,https://www.transfermarkt.com/ali-nemati/profil/spieler/527092,Centre-Back,1996-02-07,Foolad FC,550000.0,"Nishabur, Razavi Khorasan",Iran,,
Iran,20,Shahriar Moghanlou,https://www.transfermarkt.com/shahriar-moghanlou/profil/spieler/357125,Centre-Forward,1994-12-21,Kalba FC,800000.0,"Shahr-e Rey, Tehran",Iran,35.5989911,51.4357865
Iran,21,Mohammad Ghorbani,https://www.transfermarkt.com/mohammad-ghorbani/profil/spieler/856087,Defensive Midfield,2001-05-21,Al-Wahda FC,1200000.0,"Arak, Markazi",Iran,34.0862719,49.6893884
Iran,22,Seyed Hossein Hosseini,https://www.transfermarkt.com/seyed-hossein-hosseini/profil/spieler/132561,Goalkeeper,1992-06-30,Sepahan FC,500000.0,"Shiraz, Fars",Iran,29.6060218,52.5378041
Iran,23,Ramin Rezaeian,https://www.transfermarkt.com/ramin-rezaeian/profil/spieler/188312,Right-Back,1990-03-21,Foolad FC,250000.0,"Sari, Mazandaran",Iran,36.5537458,53.0602761
Iran,24,Dennis Eckert Ayensa,https://www.transfermarkt.com/dennis-eckert-ayensa/profil/spieler/249303,Centre-Forward,1997-01-09,Standard Liège,2000000.0,Bonn,Germany,50.7352621,7.1024635
Iran,25,Danial Eiri,https://www.transfermarkt.com/danial-eiri/profil/spieler/1080301,Centre-Back,2003-10-26,Malavan Bandar Anzali,1000000.0,"Gonbad-e Kavus, Golestan",Iran,37.2492965,55.1659018
Iran,26,Amirmohammad Razzaghinia,https://www.transfermarkt.com/amirmohammad-razzaghinia/profil/spieler/1051591,Central Midfield,2006-04-11,Esteghlal FC,1200000.0,Yazd,Iran,32.0406164,54.6657189
Iraq,1,Fahad Talib,https://www.transfermarkt.com/fahad-talib/profil/spieler/377268,Goalkeeper,1994-10-21,Al-Talaba SC,375000.0,"---, Baghdad",Iraq,33.3061701,44.3872213
Iraq,2,Rebin Sulaka,https://www.transfermarkt.com/rebin-sulaka/profil/spieler/217073,Centre-Back,1992-04-12,Port FC,100000.0,"Ankawa, Erbil",Iraq,36.2325997,43.9972173
Iraq,3,Hussein Ali,https://www.transfermarkt.com/hussein-ali/profil/spieler/585325,Right-Back,2002-03-01,Pogon Szczecin,400000.0,Malmö,Sweden,55.6052931,13.0001566
Iraq,4,Zaid Tahseen,https://www.transfermarkt.com/zaid-tahseen/profil/spieler/931147,Centre-Back,2001-01-29,Pakhtakor Tashkent,600000.0,Najaf,Iraq,32.0010227,44.3299926
Iraq,5,Akam Hashem,https://www.transfermarkt.com/akam-hashem/profil/spieler/933541,Centre-Back,1998-08-16,Al-Zawraa SC,700000.0,Erbil,Iraq,36.1911744,44.0094145
Iraq,6,Manaf Younis,https://www.transfermarkt.com/manaf-younis/profil/spieler/945266,Centre-Back,1996-11-16,Al-Shorta SC,300000.0,Tikrit,Iraq,34.615807,43.678606
Iraq,7,Youssef Amyn,https://www.transfermarkt.com/youssef-amyn/profil/spieler/684307,Left Winger,2003-08-21,AEK Larnaca,550000.0,Essen,Germany,51.4582235,7.0158171
Iraq,8,Ibrahim Bayesh,https://www.transfermarkt.com/ibrahim-bayesh/profil/spieler/560957,Attacking Midfield,2000-05-01,Al-Dhafra FC,800000.0,"---, Baghdad",Iraq,33.3061701,44.3872213
Iraq,9,Ali Al-Hamadi,https://www.transfermarkt.com/ali-al-hamadi/profil/spieler/610581,Centre-Forward,2002-03-01,Luton Town,1500000.0,"---, Maysan",Iraq,32.0182542,47.0695957
Iraq,10,Mohanad Ali,https://www.transfermarkt.com/mohanad-ali/profil/spieler/589646,Centre-Forward,2000-06-20,Dibba SCC,1200000.0,Baghdad,Iraq,33.3061701,44.3872213
Iraq,11,Ahmed Qasem,https://www.transfermarkt.com/ahmed-qasem/profil/spieler/833817,Right Winger,2003-07-12,Nashville SC,3500000.0,Motala,Sweden,58.5420395,15.041261
Iraq,12,Jalal Hassan,https://www.transfermarkt.com/jalal-hassan/profil/spieler/206782,Goalkeeper,1991-05-18,Al-Zawraa SC,250000.0,"---, Baghdad",Iraq,33.3061701,44.3872213
Iraq,13,Ali Yousif,https://www.transfermarkt.com/ali-yousif/profil/spieler/576265,Centre-Forward,1996-01-19,Al-Talaba SC,200000.0,,,,
Iraq,14,Zidane Iqbal,https://www.transfermarkt.com/zidane-iqbal/profil/spieler/686845,Central Midfield,2003-04-27,FC Utrecht U21,1000000.0,Manchester,England,53.4424618,-2.2324547
Iraq,15,Ahmed Maknzi,https://www.transfermarkt.com/ahmed-maknzi/profil/spieler/881506,Left-Back,2001-09-24,Al-Karma,450000.0,"---, Baghdad",Iraq,33.3061701,44.3872213
Iraq,16,Amir Al-Ammari,https://www.transfermarkt.com/amir-al-ammari/profil/spieler/303766,Defensive Midfield,1997-07-27,Cracovia,1000000.0,Jönköping,Sweden,57.7825634,14.165719
Iraq,17,Ali Jasim,https://www.transfermarkt.com/ali-jasim/profil/spieler/877672,Left Winger,2004-01-20,Al-Najma SC,500000.0,"Rusafa, Baghdad",Iraq,33.3315224,44.4273983
Iraq,18,Aymen Hussein,https://www.transfermarkt.com/aymen-hussein/profil/spieler/401054,Centre-Forward,1996-03-22,Al-Karma,400000.0,"Al-Safra, Kirkuk",Iraq,,
Iraq,19,Kevin Yakob,https://www.transfermarkt.com/kevin-yakob/profil/spieler/413268,Central Midfield,2000-10-10,Aarhus GF,850000.0,,,,
Iraq,20,Aimar Sher,https://www.transfermarkt.com/aimar-sher/profil/spieler/579294,Central Midfield,2002-12-20,Sarpsborg 08 FF,1500000.0,Kirkuk,Iraq,35.4719308,44.3953896
Iraq,21,Marko Farji,https://www.transfermarkt.com/marko-farji/profil/spieler/663153,Left Winger,2004-03-16,Venezia FC,1700000.0,Grimstad,Norway,58.2839967,8.7128291
Iraq,22,Ahmed Basil Fadhil,https://www.transfermarkt.com/ahmed-basil-fadhil/profil/spieler/560952,Goalkeeper,1996-08-19,Al-Shorta SC,450000.0,"---, Baghdad",Iraq,33.3061701,44.3872213
Iraq,23,Merchas Doski,https://www.transfermarkt.com/merchas-doski/profil/spieler/530527,Left-Back,1999-12-07,FC Viktoria Plzen,1700000.0,Hannover,Germany,52.3744779,9.7385532
Iraq,24,Zaid Ismail,https://www.transfermarkt.com/zaid-ismail/profil/spieler/1132850,Defensive Midfield,2002-01-03,Al-Talaba SC,500000.0,,,,
Iraq,25,Mustafa Saadoon,https://www.transfermarkt.com/mustafa-saadoon/profil/spieler/952341,Right-Back,2001-05-25,Al-Shorta SC,350000.0,Corgi,Iraq,,
Iraq,26,Frans Putros,https://www.transfermarkt.com/frans-putros/profil/spieler/166460,Centre-Back,1993-07-14,PERSIB Bandung,325000.0,Aarhus,Denmark,56.1496278,10.2134046
Ivory Coast,1,Yahia Fofana,https://www.transfermarkt.com/yahia-fofana/profil/spieler/418651,Goalkeeper,2000-08-21,Caykur Rizespor,5000000.0,Paris,France,48.8588897,2.320041
Ivory Coast,2,Ousmane Diomande,https://www.transfermarkt.com/ousmane-diomande/profil/spieler/974982,Centre-Back,2003-12-04,Sporting CP,42000000.0,Abidjan,Cote d'Ivoire,5.320357,-4.016107
Ivory Coast,3,Ghislain Konan,https://www.transfermarkt.com/ghislain-konan/profil/spieler/422850,Left-Back,1995-12-27,Gil Vicente FC,3000000.0,Abidjan,Cote d'Ivoire,5.320357,-4.016107
Ivory Coast,4,Jean Michaël Seri,https://www.transfermarkt.com/jean-michael-seri/profil/spieler/178614,Defensive Midfield,1991-07-19,NK Maribor,100000.0,Grand-Béréby,Cote d'Ivoire,4.6507586,-6.9247355
Ivory Coast,5,Wilfried Singo,https://www.transfermarkt.com/wilfried-singo/profil/spieler/648779,Centre-Back,2000-12-25,Galatasaray,23000000.0,Grand-Béréby,Cote d'Ivoire,4.6507586,-6.9247355
Ivory Coast,6,Seko Fofana,https://www.transfermarkt.com/seko-fofana/profil/spieler/182893,Central Midfield,1995-05-07,FC Porto,8000000.0,Paris,France,48.8588897,2.320041
Ivory Coast,7,Odilon Kossounou,https://www.transfermarkt.com/odilon-kossounou/profil/spieler/644771,Centre-Back,2001-01-04,Atalanta BC,15000000.0,Abidjan,Cote d'Ivoire,5.320357,-4.016107
Ivory Coast,8,Franck Kessié,https://www.transfermarkt.com/franck-kessie/profil/spieler/294808,Central Midfield,1996-12-19,Al-Ahli SFC,12000000.0,Ouragahio,Cote d'Ivoire,6.3083585,-5.9312428
Ivory Coast,9,Ange-Yoan Bonny,https://www.transfermarkt.com/ange-yoan-bonny/profil/spieler/827734,Centre-Forward,2003-10-25,Inter Milan,35000000.0,Aubervilliers,France,48.9146078,2.3821895
Ivory Coast,10,Simon Adingra,https://www.transfermarkt.com/simon-adingra/profil/spieler/658536,Left Winger,2002-01-01,AS Monaco,22000000.0,Abobo,Cote d'Ivoire,5.4263155,-4.0202247
Ivory Coast,11,Yan Diomande,https://www.transfermarkt.com/yan-diomande/profil/spieler/1390649,Left Winger,2006-11-14,RB Leipzig,90000000.0,Abidjan,Cote d'Ivoire,5.320357,-4.016107
Ivory Coast,12,Elye Wahi,https://www.transfermarkt.com/elye-wahi/profil/spieler/659542,Centre-Forward,2003-01-02,OGC Nice,18000000.0,Courcouronnes,France,48.622557,2.4118939
Ivory Coast,13,Christopher Operi,https://www.transfermarkt.com/christopher-operi/profil/spieler/469976,Left-Back,1997-04-29,Basaksehir FK,4000000.0,Abidjan,Cote d'Ivoire,5.320357,-4.016107
Ivory Coast,14,Oumar Diakité,https://www.transfermarkt.com/oumar-diakite/profil/spieler/847279,Centre-Forward,2003-12-20,Cercle Brugge ,5000000.0,Bingerville,Cote d'Ivoire,5.3577727,-3.8885591
Ivory Coast,15,Amad Diallo,https://www.transfermarkt.com/amad-diallo/profil/spieler/536835,Right Winger,2002-07-11,Manchester United,45000000.0,Abidjan,Cote d'Ivoire,5.320357,-4.016107
Ivory Coast,16,Mohamed Koné,https://www.transfermarkt.com/mohamed-kone/profil/spieler/911985,Goalkeeper,2002-03-07,Royal Charleroi SC,2000000.0,Adjamé,Cote d'Ivoire,5.3531211,-4.0222008
Ivory Coast,17,Guéla Doué,https://www.transfermarkt.com/guela-doue/profil/spieler/711980,Right-Back,2002-10-17,RC Strasbourg Alsace,20000000.0,Angers,France,47.4739884,-0.5515588
Ivory Coast,18,Ibrahim Sangaré,https://www.transfermarkt.com/ibrahim-sangare/profil/spieler/375885,Defensive Midfield,1997-12-02,Nottingham Forest,20000000.0,Abidjan,Cote d'Ivoire,5.320357,-4.016107
Ivory Coast,19,Nicolas Pépé,https://www.transfermarkt.com/nicolas-pepe/profil/spieler/343052,Right Winger,1995-05-29,Villarreal CF,6000000.0,Mantes-la-Jolie,France,48.9891971,1.7140683
Ivory Coast,20,Emmanuel Agbadou,https://www.transfermarkt.com/emmanuel-agbadou/profil/spieler/683895,Centre-Back,1997-06-17,Besiktas JK,16000000.0,Abidjan,Cote d'Ivoire,5.320357,-4.016107
Ivory Coast,21,Evan Ndicka,https://www.transfermarkt.com/evan-ndicka/profil/spieler/371149,Centre-Back,1999-08-20,AS Roma,35000000.0,Paris,France,48.8588897,2.320041
Ivory Coast,22,Evann Guessand,https://www.transfermarkt.com/evann-guessand/profil/spieler/500689,Right Winger,2001-07-01,Crystal Palace,25000000.0,Ajaccio,France,41.9263991,8.7376029
Ivory Coast,23,Alban Lafont,https://www.transfermarkt.com/alban-lafont/profil/spieler/357117,Goalkeeper,1999-01-23,Panathinaikos,3000000.0,Ouagadougou,Burkina Faso,12.3681873,-1.5270944
Ivory Coast,24,Bazoumana Touré,https://www.transfermarkt.com/bazoumana-toure/profil/spieler/1067904,Left Winger,2006-03-02,TSG 1899 Hoffenheim,40000000.0,Bouaké,Cote d'Ivoire,7.6890212,-5.0283552
Ivory Coast,25,Parfait Guiagon,https://www.transfermarkt.com/parfait-guiagon/profil/spieler/624913,Left Winger,2001-02-22,Royal Charleroi SC,5000000.0,Logouale,Cote d'Ivoire,7.1074292,-7.5511449
Ivory Coast,26,Christ Inao Oulaï,https://www.transfermarkt.com/christ-inao-oulai/profil/spieler/1279526,Central Midfield,2006-04-06,Trabzonspor,23000000.0,Yopougon,Cote d'Ivoire,5.335194,-4.075756
Japan,1,Zion Suzuki,https://www.transfermarkt.com/zion-suzuki/profil/spieler/432298,Goalkeeper,2002-08-21,Parma Calcio 1913,20000000.0,"Newark, New Jersey",United States,40.735657,-74.1723667
Japan,2,Yukinari Sugawara,https://www.transfermarkt.com/yukinari-sugawara/profil/spieler/405385,Right-Back,2000-06-28,SV Werder Bremen,5500000.0,"Toyokawa, Aichi",Japan,34.827644,137.378586
Japan,3,Shogo Taniguchi,https://www.transfermarkt.com/shogo-taniguchi/profil/spieler/307870,Centre-Back,1991-07-15,Sint-Truidense VV,750000.0,"Kumamoto, Kumamoto",Japan,32.8033909,130.7082737
Japan,4,Ko Itakura,https://www.transfermarkt.com/ko-itakura/profil/spieler/355816,Centre-Back,1997-01-27,Ajax Amsterdam,8000000.0,"Yokohama, Kanagawa",Japan,35.4503381,139.6343802
Japan,5,Yuto Nagatomo,https://www.transfermarkt.com/yuto-nagatomo/profil/spieler/79522,Left-Back,1986-09-12,FC Tokyo,100000.0,"Saijo, Ehime",Japan,33.9194466,133.1813268
Japan,6,Shuto Machino,https://www.transfermarkt.com/shuto-machino/profil/spieler/550580,Centre-Forward,1999-09-30,Borussia Mönchengladbach,4000000.0,"Iga, Mie",Japan,34.7497761,136.1423355
Japan,7,Ao Tanaka,https://www.transfermarkt.com/ao-tanaka/profil/spieler/489359,Central Midfield,1998-09-10,Leeds United,13000000.0,"Kawasaki, Kanagawa",Japan,35.5306639,139.7037668
Japan,8,Takefusa Kubo,https://www.transfermarkt.com/takefusa-kubo/profil/spieler/405398,Right Winger,2001-06-04,Real Sociedad,20000000.0,"Kawasaki, Kanagawa",Japan,35.5306639,139.7037668
Japan,9,Keisuke Goto,https://www.transfermarkt.com/keisuke-goto/profil/spieler/916623,Centre-Forward,2005-06-03,Sint-Truidense VV,10000000.0,"Hamamatsu, Shizuoka",Japan,34.7109786,137.7259431
Japan,10,Ritsu Doan,https://www.transfermarkt.com/ritsu-doan/profil/spieler/358504,Right Winger,1998-06-16,Eintracht Frankfurt,17000000.0,"Amagasaki, Hyogo",Japan,34.7339783,135.4064015
Japan,11,Daizen Maeda,https://www.transfermarkt.com/daizen-maeda/profil/spieler/420931,Left Winger,1997-10-20,Celtic FC,13000000.0,"Taishi, Osaka",Japan,34.517724,135.646824
Japan,12,Keisuke Osako,https://www.transfermarkt.com/keisuke-osako/profil/spieler/415521,Goalkeeper,1999-07-28,Sanfrecce Hiroshima,2000000.0,"Izumi, Kagoshima",Japan,32.0903005,130.3531204
Japan,13,Keito Nakamura,https://www.transfermarkt.com/keito-nakamura/profil/spieler/405397,Left Winger,2000-07-28,Stade Reims,10000000.0,"Abiko, Chiba",Japan,35.863999,140.0280653
Japan,14,Junya Ito,https://www.transfermarkt.com/junya-ito/profil/spieler/348791,Right Winger,1993-03-09,KRC Genk,3000000.0,"Yokosuka, Kanagawa",Japan,35.2814779,139.6719597
Japan,15,Daichi Kamada,https://www.transfermarkt.com/daichi-kamada/profil/spieler/356141,Attacking Midfield,1996-08-05,Crystal Palace,10000000.0,"Iyo, Ehime",Japan,33.7578962,132.7039458
Japan,16,Tsuyoshi Watanabe,https://www.transfermarkt.com/tsuyoshi-watanabe/profil/spieler/598791,Centre-Back,1997-02-05,Feyenoord Rotterdam,10000000.0,"---, Saitama",Japan,35.9754168,139.4160114
Japan,17,Yuito Suzuki,https://www.transfermarkt.com/yuito-suzuki/profil/spieler/668606,Second Striker,2001-10-25,SC Freiburg,24000000.0,"Miura, Kanagawa",Japan,35.1441984,139.6207589
Japan,18,Ayase Ueda,https://www.transfermarkt.com/ayase-ueda/profil/spieler/589128,Centre-Forward,1998-08-28,Feyenoord Rotterdam,17000000.0,"Mito, Ibaraki",Japan,36.3659174,140.4731743
Japan,19,Koki Ogawa,https://www.transfermarkt.com/koki-ogawa/profil/spieler/351567,Centre-Forward,1997-08-08,NEC Nijmegen,2000000.0,"Yokohama, Kanagawa",Japan,35.4503381,139.6343802
Japan,20,Ayumu Seko,https://www.transfermarkt.com/ayumu-seko/profil/spieler/405389,Centre-Back,2000-06-07,Le Havre AC,5000000.0,"Osaka, Osaka",Japan,34.6937569,135.5014539
Japan,21,Hiroki Ito,https://www.transfermarkt.com/hiroki-ito/profil/spieler/353892,Centre-Back,1999-05-12,Bayern Munich,18000000.0,"Hamamatsu, Shizuoka",Japan,34.7109786,137.7259431
Japan,22,Takehiro Tomiyasu,https://www.transfermarkt.com/takehiro-tomiyasu/profil/spieler/331560,Centre-Back,1998-11-05,Ajax Amsterdam,5000000.0,"Fukuoka, Fukuoka",Japan,33.5898988,130.4017509
Japan,23,Tomoki Hayakawa,https://www.transfermarkt.com/tomoki-hayakawa/profil/spieler/683271,Goalkeeper,1999-03-03,Kashima Antlers,2000000.0,"Sagamihara, Kanagawa",Japan,35.5714621,139.3731052
Japan,24,Kaishu Sano,https://www.transfermarkt.com/kaishu-sano/profil/spieler/643574,Defensive Midfield,2000-12-30,1.FSV Mainz 05,40000000.0,"Tsuyama, Okayama",Japan,35.0691284,134.0043355
Japan,25,Junnosuke Suzuki,https://www.transfermarkt.com/junnosuke-suzuki/profil/spieler/848856,Centre-Back,2003-07-12,FC Copenhagen,3500000.0,"Kakamigahara, Gifu",Japan,35.3995831,136.8485648
Japan,26,Kento Shiogai,https://www.transfermarkt.com/kento-shiogai/profil/spieler/1144627,Centre-Forward,2005-03-26,VfL Wolfsburg,8000000.0,"---, Tokyo",Japan,35.6768601,139.7638947
Jordan,1,Yazeed Abulaila,https://www.transfermarkt.com/yazeed-abulaila/profil/spieler/261850,Goalkeeper,1993-01-08,Al-Hussein SC (Irbid),300000.0,,,,
Jordan,2,Mohammad Abu Hasheesh,https://www.transfermarkt.com/mohammad-abu-hasheesh/profil/spieler/895249,Left-Back,1995-05-09,Al-Karma,400000.0,,,,
Jordan,3,Abdallah Nasib,https://www.transfermarkt.com/abdallah-nasib/profil/spieler/882197,Centre-Back,1994-02-25,Al-Zawraa SC,400000.0,Aqaba,Jordan,29.5266483,35.0075433
Jordan,4,Husam Abu Dahab,https://www.transfermarkt.com/husam-abu-dahab/profil/spieler/895291,Centre-Back,2000-05-13,Al-Faisaly SC,350000.0,,,,
Jordan,5,Yazan Al-Arab,https://www.transfermarkt.com/yazan-al-arab/profil/spieler/539961,Centre-Back,1996-01-31,FC Seoul,1000000.0,Russeifa,Jordan,32.0174989,36.0434611
Jordan,6,Amer Jamous,https://www.transfermarkt.com/amer-jamous/profil/spieler/744040,Central Midfield,2002-07-03,Al-Zawraa SC,500000.0,,,,
Jordan,7,Shararh,https://www.transfermarkt.com/shararh/profil/spieler/677986,Right Winger,1997-12-30,Raja Club Athletic,700000.0,Ar-Ramtha,Jordan,32.559167,36.006944
Jordan,8,Noor Al-Rawabdeh,https://www.transfermarkt.com/noor-al-rawabdeh/profil/spieler/561485,Central Midfield,1997-02-24,Selangor FC,500000.0,Amman,Jordan,31.9515694,35.9239625
Jordan,9,Ali Olwan,https://www.transfermarkt.com/ali-olwan/profil/spieler/664057,Centre-Forward,2000-03-26,Al-Sailiya SC,800000.0,,,,
Jordan,10,Mousa Tamari,https://www.transfermarkt.com/mousa-tamari/profil/spieler/551505,Right Winger,1997-06-10,Stade Rennais FC,10000000.0,Amman,Jordan,31.9515694,35.9239625
Jordan,12,Noor Bane Ataya,https://www.transfermarkt.com/noor-bane-ataya/profil/spieler/261837,Goalkeeper,1993-01-25,Al-Faisaly SC,250000.0,Amman,Jordan,31.9515694,35.9239625
Jordan,13,Mahmoud Al-Mardi,https://www.transfermarkt.com/mahmoud-al-mardi/profil/spieler/401086,Left Winger,1993-10-06,Al-Hussein SC (Irbid),350000.0,Aqaba,Jordan,29.5266483,35.0075433
Jordan,14,Rajaei Ayed,https://www.transfermarkt.com/rajaei-ayed/profil/spieler/261842,Central Midfield,1993-07-25,Al-Hussein SC (Irbid),325000.0,Amman,Jordan,31.9515694,35.9239625
Jordan,15,Ibrahim Saadeh,https://www.transfermarkt.com/ibrahim-saadeh/profil/spieler/709974,Central Midfield,2000-04-27,Al-Karma,500000.0,Zarqa,Jordan,32.0668425,36.0885771
Jordan,16,Mohammad Abualnadi,https://www.transfermarkt.com/mohammad-abualnadi/profil/spieler/658052,Centre-Back,2001-02-08,Selangor FC,350000.0,"Overland Park, Kansas",United States,38.9742502,-94.6851702
Jordan,17,Saleem Obaid,https://www.transfermarkt.com/saleem-obaid/profil/spieler/658807,Centre-Back,1992-01-17,Al-Hussein SC (Irbid),100000.0,Amman,Jordan,31.9515694,35.9239625
Jordan,18,Mohammad Abu Ghoush,https://www.transfermarkt.com/mohammad-abu-ghoush/profil/spieler/1252806,Left-Back,2005-07-13,Al-Hussein SC (Irbid),300000.0,,,,
Jordan,19,Saed Al-Rousan,https://www.transfermarkt.com/saed-al-rousan/profil/spieler/561481,Centre-Back,1997-02-01,Al-Hussein SC (Irbid),450000.0,-,Jordan,31.1667049,36.941628
Jordan,20,Mohannad Abu Taha,https://www.transfermarkt.com/mohannad-abu-taha/profil/spieler/883111,Left-Back,2003-02-02,Al-Quwa Al-Jawiya,550000.0,Amman,Jordan,31.9515694,35.9239625
Jordan,21,Nizar Al-Rashdan,https://www.transfermarkt.com/nizar-al-rashdan/profil/spieler/734751,Defensive Midfield,1999-03-23,Qatar SC,600000.0,Irbid,Jordan,32.4010093,35.5607928
Jordan,22,Abdallah Al-Fakhouri,https://www.transfermarkt.com/abdallah-al-fakhouri/profil/spieler/658805,Goalkeeper,2000-01-22,Al-Wehdat SC,250000.0,Russeifa,Jordan,32.0174989,36.0434611
Jordan,23,Ehsan Haddad,https://www.transfermarkt.com/ehsan-haddad/profil/spieler/310943,Right-Back,1994-02-05,Al-Hussein SC (Irbid),300000.0,Irbid,Jordan,32.4010093,35.5607928
Jordan,24,Ali Azaizeh,https://www.transfermarkt.com/ali-azaizeh/profil/spieler/1059056,Right Winger,2004-04-13,Al-Shabab FC,325000.0,-,Germany,51.1638175,10.4478313
Jordan,26,Anas Badawi,https://www.transfermarkt.com/anas-badawi/profil/spieler/1378902,Right-Back,1997-09-13,Al-Faisaly SC,200000.0,,,,
Jordan,11,Odeh Fakhoury,https://www.transfermarkt.com/odeh-fakhoury/profil/spieler/1252820,Left Winger,2005-11-20,Pyramids FC,,,,,
Mexico,1,Raúl Rangel,https://www.transfermarkt.com/raul-rangel/profil/spieler/802855,Goalkeeper,2000-02-25,Deportivo Guadalajara,6500000.0,Zapotlán el Grande,Mexico,19.6973465,-103.510648
Mexico,2,Jorge Sánchez,https://www.transfermarkt.com/jorge-sanchez/profil/spieler/356044,Right-Back,1997-12-10,PAOK Thessaloniki,2000000.0,Torreón,Mexico,25.542698,-103.410512
Mexico,3,César Montes,https://www.transfermarkt.com/cesar-montes/profil/spieler/387687,Centre-Back,1997-02-24,Lokomotiv Moscow,7500000.0,Hermosillo,Mexico,29.0948207,-110.9692202
Mexico,4,Edson Álvarez,https://www.transfermarkt.com/edson-alvarez/profil/spieler/401356,Defensive Midfield,1997-10-24,Fenerbahce,15000000.0,Tlalnepantla,Mexico,19.0297838,-98.9858196
Mexico,5,Johan Vásquez,https://www.transfermarkt.com/johan-vasquez/profil/spieler/532937,Centre-Back,1998-10-22,Genoa CFC,12000000.0,Navojoa,Mexico,27.0721872,-109.4438227
Mexico,6,Érik Lira,https://www.transfermarkt.com/erik-lira/profil/spieler/602324,Defensive Midfield,2000-05-08,CD Cruz Azul,12000000.0,Mexico City,Mexico,19.3207722,-99.1514678
Mexico,7,Luis Romo,https://www.transfermarkt.com/luis-romo/profil/spieler/532938,Centre-Back,1995-06-05,Deportivo Guadalajara,3000000.0,Los Mochis,Mexico,25.7928058,-108.990188
Mexico,8,Álvaro Fidalgo,https://www.transfermarkt.com/alvaro-fidalgo/profil/spieler/261503,Central Midfield,1997-04-09,Real Betis Balompié,6000000.0,Oviedo,Spain,43.3533452,-5.8795096
Mexico,9,Raúl Jiménez,https://www.transfermarkt.com/raul-jimenez/profil/spieler/206040,Centre-Forward,1991-05-05,Fulham FC,3000000.0,Tepeji del Río de Ocampo,Mexico,19.8936827,-99.3487182
Mexico,10,Alexis Vega,https://www.transfermarkt.com/alexis-vega/profil/spieler/424689,Left Winger,1997-11-25,Deportivo Toluca,8000000.0,Mexico City,Mexico,19.3207722,-99.1514678
Mexico,11,Santiago Gimenez,https://www.transfermarkt.com/santiago-gimenez/profil/spieler/552955,Centre-Forward,2001-04-18,AC Milan,18000000.0,Resistencia,Argentina,-27.6048829,-59.1932003
Mexico,12,Carlos Acevedo,https://www.transfermarkt.com/carlos-acevedo/profil/spieler/356042,Goalkeeper,1996-04-19,Santos Laguna,2800000.0,Torreón,Mexico,25.542698,-103.410512
Mexico,13,Guillermo Ochoa,https://www.transfermarkt.com/guillermo-ochoa/profil/spieler/29559,Goalkeeper,1985-07-13,AEL Limassol,250000.0,Guadalajara,Mexico,20.6720375,-103.338396
Mexico,14,Armando González,https://www.transfermarkt.com/armando-gonzalez/profil/spieler/837619,Centre-Forward,2003-04-20,Deportivo Guadalajara,15000000.0,Celaya,Mexico,20.5222851,-100.8307739
Mexico,15,Israel Reyes,https://www.transfermarkt.com/israel-reyes/profil/spieler/687558,Right-Back,2000-05-23,CF América,6500000.0,Autlán de Navarro,Mexico,19.75703,-104.3183402
Mexico,16,Julián Quiñones,https://www.transfermarkt.com/julian-quinones/profil/spieler/416090,Centre-Forward,1997-03-24,Al-Qadsiah FC,14000000.0,Magüí Payán,Colombia,1.7665774,-78.1835713
Mexico,17,Orbelín Pineda,https://www.transfermarkt.com/orbelin-pineda/profil/spieler/334042,Central Midfield,1996-03-24,AEK Athens,7000000.0,Coyuca de Catalán,Mexico,18.0909218,-101.0336835
Mexico,18,Obed Vargas,https://www.transfermarkt.com/obed-vargas/profil/spieler/889435,Central Midfield,2005-08-05,Atlético de Madrid,10000000.0,"Anchorage, Alaska",United States,61.2163129,-149.894852
Mexico,19,Gilberto Mora,https://www.transfermarkt.com/gilberto-mora/profil/spieler/1155723,Attacking Midfield,2008-10-14,Club Tijuana,10000000.0,Tuxtla Gutiérrez,Mexico,16.753801,-93.115959
Mexico,20,Mateo Chávez,https://www.transfermarkt.com/mateo-chavez/profil/spieler/1066953,Left-Back,2004-05-12,AZ Alkmaar,4000000.0,San Pedro Garza García,Mexico,25.652395,-100.3726067
Mexico,21,César Huerta,https://www.transfermarkt.com/cesar-huerta/profil/spieler/540315,Left Winger,2000-12-03,RSC Anderlecht,3500000.0,Guadalajara,Mexico,20.6720375,-103.338396
Mexico,22,Guillermo Martínez,https://www.transfermarkt.com/guillermo-martinez/profil/spieler/347932,Centre-Forward,1995-03-15,UNAM Pumas,1500000.0,Celaya,Mexico,20.5222851,-100.8307739
Mexico,23,Jesús Gallardo,https://www.transfermarkt.com/jesus-gallardo/profil/spieler/344854,Left-Back,1994-08-15,Deportivo Toluca,2800000.0,Cárdenas,Mexico,18.1693695,-93.7052292
Mexico,24,Luis Chávez,https://www.transfermarkt.com/luis-chavez/profil/spieler/331059,Defensive Midfield,1996-01-15,Dynamo Moscow,6000000.0,Cihuatlán,Mexico,19.2632848,-104.6049737
Mexico,25,Roberto Alvarado,https://www.transfermarkt.com/roberto-alvarado/profil/spieler/353583,Right Winger,1998-09-07,Deportivo Guadalajara,7500000.0,"Salamanca, Guanajuato",Mexico,20.6511359,-101.166767
Mexico,26,Brian Gutiérrez,https://www.transfermarkt.com/brian-gutierrez/profil/spieler/724443,Attacking Midfield,2003-06-17,Deportivo Guadalajara,8000000.0,"Berwyn, Illinois",United States,41.8505874,-87.7936685
Morocco,1,Yassine Bounou,https://www.transfermarkt.com/yassine-bounou/profil/spieler/207834,Goalkeeper,1991-04-05,Al-Hilal SFC,7000000.0,"Montréal, Québec",Canada,45.5031824,-73.5698065
Morocco,2,Achraf Hakimi,https://www.transfermarkt.com/achraf-hakimi/profil/spieler/398073,Right-Back,1998-11-04,Paris Saint-Germain,60000000.0,Madrid,Spain,40.416782,-3.703507
Morocco,3,Noussair Mazraoui,https://www.transfermarkt.com/noussair-mazraoui/profil/spieler/340456,Right-Back,1997-11-14,Manchester United,32000000.0,Leiderdorp,Netherlands,52.1617952,4.5340923
Morocco,4,Sofyan Amrabat,https://www.transfermarkt.com/sofyan-amrabat/profil/spieler/287579,Defensive Midfield,1996-08-21,Real Betis Balompié,22000000.0,Huizen,Netherlands,52.2958122,5.2567209
Morocco,5,Marwane Saadane,https://www.transfermarkt.com/marwane-saadane/profil/spieler/210009,Centre-Back,1992-01-17,Al-Fateh SC,600000.0,Mohammedia,Morocco,33.6958383,-7.3893292
Morocco,6,Ayyoub Bouaddi,https://www.transfermarkt.com/ayyoub-bouaddi/profil/spieler/1097139,Central Midfield,2007-10-02,LOSC Lille,50000000.0,Senlis,France,50.5331612,2.1523287
Morocco,7,Chemsdine Talbi,https://www.transfermarkt.com/chemsdine-talbi/profil/spieler/743384,Right Winger,2005-05-09,Sunderland AFC,3000000.0,Sambreville,Belgium,50.4490552,4.6108156
Morocco,8,Azzedine Ounahi,https://www.transfermarkt.com/azzedine-ounahi/profil/spieler/593482,Central Midfield,2000-04-19,Girona FC,10000000.0,Casablanca,Morocco,33.5945144,-7.6200284
Morocco,9,Soufiane Rahimi,https://www.transfermarkt.com/soufiane-rahimi/profil/spieler/598506,Left Winger,1996-06-02,Al-Ain FC,7500000.0,Casablanca,Morocco,33.5945144,-7.6200284
Morocco,10,Brahim Díaz,https://www.transfermarkt.com/brahim-diaz/profil/spieler/314678,Right Winger,1999-08-03,Real Madrid,35000000.0,Málaga,Spain,36.7647913,-4.4422005
Morocco,11,Ismael Saibari,https://www.transfermarkt.com/ismael-saibari/profil/spieler/702869,Attacking Midfield,2001-01-28,PSV Eindhoven,23000000.0,Terrassa,Spain,41.5629623,2.0100492
Morocco,12,Munir El Kajoui,https://www.transfermarkt.com/munir-el-kajoui/profil/spieler/97925,Goalkeeper,1989-05-10,Renaissance de Berkane,850000.0,Melilla,Spain,35.2918698,-2.9409026
Morocco,13,Zakaria El Ouahdi,https://www.transfermarkt.com/zakaria-el-ouahdi/profil/spieler/820474,Right-Back,2001-12-31,KRC Genk,10000000.0,Hoboken,Belgium,51.1794946,4.3617847
Morocco,14,Issa Diop,https://www.transfermarkt.com/issa-diop/profil/spieler/272622,Centre-Back,1997-01-09,Fulham FC,8000000.0,Toulouse,France,43.6044638,1.4442433
Morocco,15,Samir El Mourabet,https://www.transfermarkt.com/samir-el-mourabet/profil/spieler/1130514,Central Midfield,2005-10-06,RC Strasbourg Alsace,22000000.0,Strasbourg,France,48.584614,7.7507127
Morocco,16,Gessime Yassine,https://www.transfermarkt.com/gessime-yassine/profil/spieler/1151929,Right Winger,2005-11-22,RC Strasbourg Alsace,12000000.0,Salon-de-Provence,France,43.6405237,5.0980225
Morocco,17,Amine Sbaï,https://www.transfermarkt.com/amine-sbai/profil/spieler/851220,Left Winger,2000-11-05,Angers SCO,4000000.0,Sidi Kacem,Morocco,34.226412,-5.711434
Morocco,18,Chadi Riad,https://www.transfermarkt.com/chadi-riad/profil/spieler/689637,Centre-Back,2003-06-17,Crystal Palace,15000000.0,Palma de Mallorca,Spain,39.5695818,2.6500745
Morocco,19,Youssef Belammari,https://www.transfermarkt.com/youssef-belammari/profil/spieler/518804,Left-Back,1998-09-20,Al Ahly FC,1700000.0,Rabat,Morocco,34.0218454,-6.8408929
Morocco,20,Ayoub El Kaabi,https://www.transfermarkt.com/ayoub-el-kaabi/profil/spieler/521127,Centre-Forward,1993-06-25,Olympiacos Piraeus,5000000.0,Casablanca,Morocco,33.5945144,-7.6200284
Morocco,21,Ayoube Amaimouni-Echghouyab,https://www.transfermarkt.com/ayoube-amaimouni-echghouyab/profil/spieler/799993,Right Winger,2004-11-30,Eintracht Frankfurt,10000000.0,Vic,Spain,41.9302021,2.2545943
Morocco,22,Ahmed Reda Tagnaouti,https://www.transfermarkt.com/ahmed-reda-tagnaouti/profil/spieler/238997,Goalkeeper,1996-04-05,AS FAR Rabat,1000000.0,Casablanca,Morocco,33.5945144,-7.6200284
Morocco,23,Bilal El Khannouss,https://www.transfermarkt.com/bilal-el-khannouss/profil/spieler/654982,Attacking Midfield,2004-05-10,VfB Stuttgart,30000000.0,Strombeek-Bever,Belgium,50.9109938,4.3422525
Morocco,24,Neil El Aynaoui,https://www.transfermarkt.com/neil-el-aynaoui/profil/spieler/901019,Central Midfield,2001-07-02,AS Roma,8000000.0,Nancy,France,48.6937223,6.1834097
Morocco,25,Redouane Halhal,https://www.transfermarkt.com/redouane-halhal/profil/spieler/913660,Centre-Back,2003-03-05,KV Mechelen,5000000.0,Montpellier,France,43.6112422,3.8767337
Morocco,26,Anass Salah-Eddine,https://www.transfermarkt.com/anass-salah-eddine/profil/spieler/485584,Left-Back,2002-01-18,PSV Eindhoven,5000000.0,Amsterdam,Netherlands,52.3730796,4.8924534
Netherlands,1,Bart Verbruggen,https://www.transfermarkt.com/bart-verbruggen/profil/spieler/565093,Goalkeeper,2002-08-18,Brighton & Hove Albion,40000000.0,Zwolle,Netherlands,52.5089759,6.0943765
Netherlands,2,Lutsharel Geertruida,https://www.transfermarkt.com/lutsharel-geertruida/profil/spieler/420210,Right-Back,2000-07-18,Sunderland AFC,20000000.0,Rotterdam,Netherlands,51.9244424,4.47775
Netherlands,3,Marten de Roon,https://www.transfermarkt.com/marten-de-roon/profil/spieler/133179,Defensive Midfield,1991-03-29,Atalanta BC,3200000.0,Zwijndrecht,Netherlands,51.8162227,4.6405166
Netherlands,4,Virgil van Dijk,https://www.transfermarkt.com/virgil-van-dijk/profil/spieler/139208,Centre-Back,1991-07-08,Liverpool FC,15000000.0,Breda,Netherlands,51.5887845,4.7760237
Netherlands,5,Nathan Aké,https://www.transfermarkt.com/nathan-ake/profil/spieler/177476,Centre-Back,1995-02-18,Manchester City,12000000.0,Den Haag,Netherlands,52.0799838,4.3113461
Netherlands,6,Jan Paul van Hecke,https://www.transfermarkt.com/jan-paul-van-hecke/profil/spieler/576314,Centre-Back,2000-06-08,Brighton & Hove Albion,45000000.0,Arnemuiden,Netherlands,51.5000009,3.6762457
Netherlands,7,Justin Kluivert,https://www.transfermarkt.com/justin-kluivert/profil/spieler/330659,Attacking Midfield,1999-05-05,AFC Bournemouth,25000000.0,Zaandam,Netherlands,52.4424926,4.8298607
Netherlands,8,Ryan Gravenberch,https://www.transfermarkt.com/ryan-gravenberch/profil/spieler/478573,Defensive Midfield,2002-05-16,Liverpool FC,80000000.0,Amsterdam,Netherlands,52.3730796,4.8924534
Netherlands,9,Wout Weghorst,https://www.transfermarkt.com/wout-weghorst/profil/spieler/228645,Centre-Forward,1992-08-07,Ajax Amsterdam,2000000.0,Borne,Netherlands,52.3018287,6.7502395
Netherlands,10,Memphis Depay,https://www.transfermarkt.com/memphis-depay/profil/spieler/167850,Centre-Forward,1994-02-13,Sport Club Corinthians Paulista,7000000.0,Moordrecht,Netherlands,51.9865065,4.6698314
Netherlands,11,Cody Gakpo,https://www.transfermarkt.com/cody-gakpo/profil/spieler/434675,Left Winger,1999-05-07,Liverpool FC,60000000.0,Eindhoven,Netherlands,51.4392648,5.478633
Netherlands,12,Mats Wieffer,https://www.transfermarkt.com/mats-wieffer/profil/spieler/415381,Right-Back,1999-11-16,Brighton & Hove Albion,25000000.0,Borne,Netherlands,52.3018287,6.7502395
Netherlands,13,Robin Roefs,https://www.transfermarkt.com/robin-roefs/profil/spieler/646991,Goalkeeper,2003-01-17,Sunderland AFC,28000000.0,Heeswijk,Netherlands,51.651268,5.4679425
Netherlands,14,Tijjani Reijnders,https://www.transfermarkt.com/tijjani-reijnders/profil/spieler/460939,Central Midfield,1998-07-29,Manchester City,50000000.0,Zwolle,Netherlands,52.5089759,6.0943765
Netherlands,15,Micky van de Ven,https://www.transfermarkt.com/micky-van-de-ven/profil/spieler/557459,Centre-Back,2001-04-19,Tottenham Hotspur,50000000.0,Wormer,Netherlands,52.4983267,4.8123847
Netherlands,16,Guus Til,https://www.transfermarkt.com/guus-til/profil/spieler/372267,Attacking Midfield,1997-12-22,PSV Eindhoven,15000000.0,Samfya,Zambia,-11.3684948,29.5516598
Netherlands,17,Noa Lang,https://www.transfermarkt.com/noa-lang/profil/spieler/339332,Left Winger,1999-06-17,Galatasaray,22000000.0,Capelle aan den IJssel,Netherlands,51.9312552,4.5883596
Netherlands,18,Donyell Malen,https://www.transfermarkt.com/donyell-malen/profil/spieler/326029,Centre-Forward,1999-01-19,AS Roma,45000000.0,Wieringen,Netherlands,52.913916,4.9909934
Netherlands,19,Brian Brobbey,https://www.transfermarkt.com/brian-brobbey/profil/spieler/473169,Centre-Forward,2002-02-01,Sunderland AFC,30000000.0,Amsterdam,Netherlands,52.3730796,4.8924534
Netherlands,20,Teun Koopmeiners,https://www.transfermarkt.com/teun-koopmeiners/profil/spieler/360518,Defensive Midfield,1998-02-28,Juventus FC,14000000.0,Castricum,Netherlands,52.5496739,4.6696185
Netherlands,21,Frenkie de Jong,https://www.transfermarkt.com/frenkie-de-jong/profil/spieler/326330,Central Midfield,1997-05-12,FC Barcelona,35000000.0,Gorinchem,Netherlands,51.8296133,4.9738743
Netherlands,22,Denzel Dumfries,https://www.transfermarkt.com/denzel-dumfries/profil/spieler/321528,Right-Back,1996-04-18,Inter Milan,25000000.0,Rotterdam,Netherlands,51.9244424,4.47775
Netherlands,23,Mark Flekken,https://www.transfermarkt.com/mark-flekken/profil/spieler/125714,Goalkeeper,1993-06-13,Bayer 04 Leverkusen,6000000.0,Bocholtz,Netherlands,50.8184796,6.0065275
Netherlands,24,Crysencio Summerville,https://www.transfermarkt.com/crysencio-summerville/profil/spieler/474701,Left Winger,2001-10-30,West Ham United,35000000.0,Rotterdam,Netherlands,51.9244424,4.47775
Netherlands,25,Jorrel Hato,https://www.transfermarkt.com/jorrel-hato/profil/spieler/904802,Left-Back,2006-03-07,Chelsea FC,40000000.0,Rotterdam,Netherlands,51.9244424,4.47775
Netherlands,26,Quinten Timber,https://www.transfermarkt.com/quinten-timber/profil/spieler/420213,Central Midfield,2001-06-17,Olympique Marseille,25000000.0,Utrecht,Netherlands,52.0907006,5.1215634
New Zealand,1,Max Crocombe,https://www.transfermarkt.com/max-crocombe/profil/spieler/207843,Goalkeeper,1993-08-12,Millwall FC,1000000.0,Auckland,New Zealand,-36.852095,174.7631803
New Zealand,2,Tim Payne,https://www.transfermarkt.com/tim-payne/profil/spieler/149901,Right-Back,1994-01-10,Wellington Phoenix,350000.0,Auckland,New Zealand,-36.852095,174.7631803
New Zealand,3,Francis de Vries,https://www.transfermarkt.com/francis-de-vries/profil/spieler/207061,Left-Back,1994-11-28,Auckland FC,600000.0,Christchurch,New Zealand,-43.530955,172.6364343
New Zealand,4,Tyler Bindon,https://www.transfermarkt.com/tyler-bindon/profil/spieler/1007720,Centre-Back,2005-01-27,Sheffield United,3500000.0,Auckland,New Zealand,-36.852095,174.7631803
New Zealand,5,Michael Boxall,https://www.transfermarkt.com/michael-boxall/profil/spieler/81723,Centre-Back,1988-08-18,Minnesota United FC,150000.0,Auckland,New Zealand,-36.852095,174.7631803
New Zealand,6,Joe Bell,https://www.transfermarkt.com/joe-bell/profil/spieler/345700,Defensive Midfield,1999-04-27,Viking FK,3500000.0,Bristol,England,51.4538022,-2.5972985
New Zealand,8,Marko Stamenić,https://www.transfermarkt.com/marko-stamenic/profil/spieler/617018,Central Midfield,2002-02-19,Swansea City,3000000.0,Wellington,New Zealand,-41.2887953,174.7772114
New Zealand,9,Chris Wood,https://www.transfermarkt.com/chris-wood/profil/spieler/108725,Centre-Forward,1991-12-07,Nottingham Forest,5000000.0,Auckland,New Zealand,-36.852095,174.7631803
New Zealand,10,Sarpreet Singh,https://www.transfermarkt.com/sarpreet-singh/profil/spieler/350357,Attacking Midfield,1999-02-20,Wellington Phoenix,500000.0,Auckland,New Zealand,-36.852095,174.7631803
New Zealand,11,Elijah Just,https://www.transfermarkt.com/elijah-just/profil/spieler/485672,Right Winger,2000-05-01,Motherwell FC,2500000.0,Palmerston North,New Zealand,-40.356317,175.6112388
New Zealand,12,Alex Paulsen,https://www.transfermarkt.com/alex-paulsen/profil/spieler/617009,Goalkeeper,2002-07-04,Lechia Gdansk,500000.0,Auckland,New Zealand,-36.852095,174.7631803
New Zealand,13,Liberato Cacace,https://www.transfermarkt.com/liberato-cacace/profil/spieler/469211,Left-Back,2000-09-27,Wrexham AFC,2500000.0,Wellington,New Zealand,-41.2887953,174.7772114
New Zealand,14,Alex Rufer,https://www.transfermarkt.com/alex-rufer/profil/spieler/256019,Defensive Midfield,1996-06-12,Wellington Phoenix,600000.0,Genève,Switzerland,46.2017559,6.1466014
New Zealand,15,Nando Pijnaker,https://www.transfermarkt.com/nando-pijnaker/profil/spieler/455425,Centre-Back,1999-02-25,Auckland FC,400000.0,Brummen,Netherlands,52.1106503,6.1258774
New Zealand,16,Finn Surman,https://www.transfermarkt.com/finn-surman/profil/spieler/724809,Centre-Back,2003-09-23,Portland Timbers,1800000.0,Cardiff,Wales,51.4816546,-3.1791934
New Zealand,17,Kosta Barbarouses,https://www.transfermarkt.com/kosta-barbarouses/profil/spieler/50200,Centre-Forward,1990-02-19,Western Sydney Wanderers,300000.0,Wellington,New Zealand,-41.2887953,174.7772114
New Zealand,18,Ben Waine,https://www.transfermarkt.com/ben-waine/profil/spieler/539502,Centre-Forward,2001-06-11,Port Vale FC,400000.0,Wellington,New Zealand,-41.2887953,174.7772114
New Zealand,19,Ben Old,https://www.transfermarkt.com/ben-old/profil/spieler/617021,Left-Back,2002-08-13,AS Saint-Étienne,1800000.0,Auckland,New Zealand,-36.852095,174.7631803
New Zealand,20,Callum McCowatt,https://www.transfermarkt.com/callum-mccowatt/profil/spieler/400797,Attacking Midfield,1999-04-30,Silkeborg IF,2500000.0,Auckland,New Zealand,-36.852095,174.7631803
New Zealand,21,Jesse Randall,https://www.transfermarkt.com/jesse-randall/profil/spieler/677509,Left Winger,2002-08-19,Auckland FC,900000.0,Wellington,New Zealand,-41.2887953,174.7772114
New Zealand,22,Michael Woud,https://www.transfermarkt.com/michael-woud/profil/spieler/350347,Goalkeeper,1999-01-16,Auckland FC,400000.0,Auckland,New Zealand,-36.852095,174.7631803
New Zealand,23,Ryan Thomas,https://www.transfermarkt.com/ryan-thomas/profil/spieler/203357,Defensive Midfield,1994-12-20,PEC Zwolle,650000.0,Te Puke,New Zealand,-37.7853294,176.3270238
New Zealand,24,Callan Elliot,https://www.transfermarkt.com/callan-elliot/profil/spieler/482204,Right-Back,1999-07-07,Auckland FC,450000.0,Dumfries,Scotland,55.0691831,-3.6106856
New Zealand,25,Lachlan Bayliss,https://www.transfermarkt.com/lachlan-bayliss/profil/spieler/1109358,Central Midfield,2002-07-24,Newcastle United Jets,550000.0,Darwin,Australia,-12.46044,130.8410469
New Zealand,26,Tommy Smith,https://www.transfermarkt.com/tommy-smith/profil/spieler/54381,Centre-Back,1990-03-31,Braintree Town,50000.0,Macclesfield,England,53.2606635,-2.1255158
New Zealand,7,Logan Rogerson,https://www.transfermarkt.com/logan-rogerson/profil/spieler/312317,Right Winger,1998-05-28,Auckland FC,400000.0,Hamilton,New Zealand,-37.7878809,175.281788
Norway,1,Ørjan Nyland,https://www.transfermarkt.com/orjan-nyland/profil/spieler/73517,Goalkeeper,1990-09-10,Sevilla FC,800000.0,Volda,Norway,62.0803798,6.2744108
Norway,2,Morten Thorsby,https://www.transfermarkt.com/morten-thorsby/profil/spieler/226524,Central Midfield,1996-05-05,US Cremonese,2800000.0,Oslo,Norway,59.9133301,10.7389701
Norway,3,Kristoffer Ajer,https://www.transfermarkt.com/kristoffer-ajer/profil/spieler/328658,Centre-Back,1998-04-17,Brentford FC,18000000.0,Rælingen,Norway,59.8910114,11.0789878
Norway,4,Leo Østigård,https://www.transfermarkt.com/leo-ostigard/profil/spieler/367284,Centre-Back,1999-11-28,Genoa CFC,13000000.0,Åndalsnes,Norway,62.5681692,7.6867621
Norway,5,David Møller Wolfe,https://www.transfermarkt.com/david-moller-wolfe/profil/spieler/661427,Left-Back,2002-04-23,Wolverhampton Wanderers,8000000.0,Bergen,Norway,60.3943055,5.3259192
Norway,6,Patrick Berg,https://www.transfermarkt.com/patrick-berg/profil/spieler/308439,Defensive Midfield,1997-11-24,FK Bodø/Glimt,8000000.0,Bodø,Norway,67.2844313,14.3817503
Norway,7,Alexander Sørloth,https://www.transfermarkt.com/alexander-sorloth/profil/spieler/238407,Centre-Forward,1995-12-05,Atlético de Madrid,18000000.0,Trondheim,Norway,63.4304475,10.3952118
Norway,8,Sander Berge,https://www.transfermarkt.com/sander-berge/profil/spieler/333014,Defensive Midfield,1998-02-14,Fulham FC,25000000.0,Bærum,Norway,59.9289639,10.4997108
Norway,9,Erling Haaland,https://www.transfermarkt.com/erling-haaland/profil/spieler/418560,Centre-Forward,2000-07-21,Manchester City,200000000.0,Leeds,England,53.7974185,-1.5437941
Norway,10,Martin Ødegaard,https://www.transfermarkt.com/martin-odegaard/profil/spieler/316264,Attacking Midfield,1998-12-17,Arsenal FC,65000000.0,Drammen,Norway,59.6964936,10.175642
Norway,11,Jørgen Strand Larsen,https://www.transfermarkt.com/jorgen-strand-larsen/profil/spieler/429983,Centre-Forward,2000-02-06,Crystal Palace,40000000.0,Halden,Norway,59.0680555,11.537191
Norway,12,Sander Tangvik,https://www.transfermarkt.com/sander-tangvik/profil/spieler/549378,Goalkeeper,2002-11-29,Hamburger SV,3000000.0,Trondheim,Norway,63.4304475,10.3952118
Norway,13,Egil Selvik,https://www.transfermarkt.com/egil-selvik/profil/spieler/380744,Goalkeeper,1997-07-30,Watford FC,1500000.0,Sandnes,Norway,58.9831321,6.394641
Norway,14,Fredrik Aursnes,https://www.transfermarkt.com/fredrik-aursnes/profil/spieler/223367,Central Midfield,1995-12-10,SL Benfica,15000000.0,Hareid,Norway,62.3598311,6.0305106
Norway,15,Fredrik Bjørkan,https://www.transfermarkt.com/fredrik-bjorkan/profil/spieler/364938,Left-Back,1998-08-21,FK Bodø/Glimt,3500000.0,Bodø,Norway,67.2844313,14.3817503
Norway,16,Marcus Pedersen,https://www.transfermarkt.com/marcus-pedersen/profil/spieler/583404,Right-Back,2000-07-16,Torino FC,3500000.0,Hammerfest,Norway,70.6413392,23.8360801
Norway,17,Torbjørn Heggem,https://www.transfermarkt.com/torbjorn-heggem/profil/spieler/464469,Centre-Back,1999-01-12,Bologna FC 1909,13000000.0,Trondheim,Norway,63.4304475,10.3952118
Norway,18,Kristian Thorstvedt,https://www.transfermarkt.com/kristian-thorstvedt/profil/spieler/564785,Central Midfield,1999-03-13,US Sassuolo,12000000.0,Stavanger,Norway,58.9699675,5.7318101
Norway,19,Thelo Aasgaard,https://www.transfermarkt.com/thelo-aasgaard/profil/spieler/647384,Attacking Midfield,2002-05-02,Rangers FC,2800000.0,Liverpool,England,53.3933411,-2.9166389
Norway,20,Antonio Nusa,https://www.transfermarkt.com/antonio-nusa/profil/spieler/894914,Left Winger,2005-04-17,RB Leipzig,32000000.0,Langhus,Norway,59.7496731,10.836611
Norway,21,Andreas Schjelderup,https://www.transfermarkt.com/andreas-schjelderup/profil/spieler/670103,Left Winger,2004-06-01,SL Benfica,30000000.0,Bodø,Norway,67.2844313,14.3817503
Norway,22,Oscar Bobb,https://www.transfermarkt.com/oscar-bobb/profil/spieler/661207,Right Winger,2003-07-12,Fulham FC,28000000.0,Oslo,Norway,59.9133301,10.7389701
Norway,23,Jens Petter Hauge,https://www.transfermarkt.com/jens-petter-hauge/profil/spieler/422355,Left Winger,1999-10-12,FK Bodø/Glimt,12000000.0,Bodø,Norway,67.2844313,14.3817503
Norway,24,Sondre Langås,https://www.transfermarkt.com/sondre-langas/profil/spieler/737837,Centre-Back,2001-02-02,Derby County,4000000.0,Namsos,Norway,64.4666372,11.3345047
Norway,25,Henrik Falchener,https://www.transfermarkt.com/henrik-falchener/profil/spieler/743088,Centre-Back,2003-05-08,Viking FK,6000000.0,Tønsberg,Norway,59.3549795,10.2820491
Norway,26,Julian Ryerson,https://www.transfermarkt.com/julian-ryerson/profil/spieler/370789,Right-Back,1997-11-17,Borussia Dortmund,25000000.0,Lyngdal,Norway,58.1516995,7.0523045
Panama,1,Luis Mejía,https://www.transfermarkt.com/luis-mejia/profil/spieler/76715,Goalkeeper,1991-03-16,Club Nacional,150000.0,Panama City,Panama,8.9714493,-79.5341802
Panama,2,César Blackman,https://www.transfermarkt.com/cesar-blackman/profil/spieler/440383,Right-Back,1998-04-02,Slovan Bratislava,2500000.0,Ciudad de Panamá,Panama,8.9714493,-79.5341802
Panama,3,José Córdoba,https://www.transfermarkt.com/jose-cordoba/profil/spieler/698415,Centre-Back,2001-06-03,Norwich City,5000000.0,Ciudad de Panamá,Panama,8.9714493,-79.5341802
Panama,4,Fidel Escobar,https://www.transfermarkt.com/fidel-escobar/profil/spieler/345716,Centre-Back,1995-01-09,Deportivo Saprissa,350000.0,Panama City,Panama,8.9714493,-79.5341802
Panama,5,Edgardo Fariña,https://www.transfermarkt.com/edgardo-farina/profil/spieler/923177,Centre-Back,2001-10-19,FC Pari Nizhniy Novgorod,900000.0,Panama City,Panama,8.9714493,-79.5341802
Panama,6,Cristian Martínez,https://www.transfermarkt.com/cristian-martinez/profil/spieler/419247,Defensive Midfield,1997-02-06,Ironi Kiryat Shmona,800000.0,Ciudad de Panamá,Panama,8.9714493,-79.5341802
Panama,7,José Luis Rodríguez,https://www.transfermarkt.com/jose-luis-rodriguez/profil/spieler/425028,Left Winger,1998-06-19,FC Juárez,2500000.0,Chorrillo,Panama,9.0891752,-80.0519345
Panama,8,Adalberto Carrasquilla,https://www.transfermarkt.com/adalberto-carrasquilla/profil/spieler/375300,Central Midfield,1998-11-28,UNAM Pumas,4000000.0,Ciudad de Panamá,Panama,8.9714493,-79.5341802
Panama,9,Tomás Rodríguez,https://www.transfermarkt.com/tomas-rodriguez/profil/spieler/569205,Centre-Forward,1999-03-09,Deportivo Saprissa,1000000.0,Ciudad de Panamá,Panama,8.9714493,-79.5341802
Panama,10,Ismael Díaz,https://www.transfermarkt.com/ismael-diaz/profil/spieler/243298,Left Winger,1997-05-12,Club León FC,1800000.0,Panama City,Panama,8.9714493,-79.5341802
Panama,11,Yoel Bárcenas,https://www.transfermarkt.com/yoel-barcenas/profil/spieler/283473,Right Winger,1993-10-23,Mazatlán FC,650000.0,Colón,Panama,9.3553005,-79.8974085
Panama,12,César Samudio,https://www.transfermarkt.com/cesar-samudio/profil/spieler/865550,Goalkeeper,1994-02-23,CD Marathón,250000.0,Ciudad de Panamá,Panama,8.9714493,-79.5341802
Panama,13,Jiovany Ramos,https://www.transfermarkt.com/jiovany-ramos/profil/spieler/403809,Centre-Back,1997-01-26,Academia Puerto Cabello,450000.0,Panama City,Panama,8.9714493,-79.5341802
Panama,14,Carlos Harvey,https://www.transfermarkt.com/carlos-harvey/profil/spieler/628806,Defensive Midfield,2000-02-03,Minnesota United FC,600000.0,Ciudad de Panamá,Panama,8.9714493,-79.5341802
Panama,15,Éric Davis,https://www.transfermarkt.com/eric-davis/profil/spieler/121791,Left-Back,1991-03-31,CD Plaza Amador,50000.0,Colón,Panama,9.3553005,-79.8974085
Panama,16,Andrés Andrade,https://www.transfermarkt.com/andres-andrade/profil/spieler/403808,Centre-Back,1998-10-16,LASK,2500000.0,Ciudad de Panamá,Panama,8.9714493,-79.5341802
Panama,17,José Fajardo,https://www.transfermarkt.com/jose-fajardo/profil/spieler/546803,Centre-Forward,1993-08-18,CD Universidad Católica,550000.0,Colón,Panama,9.3553005,-79.8974085
Panama,18,Cecilio Waterman,https://www.transfermarkt.com/cecilio-waterman/profil/spieler/177064,Centre-Forward,1991-04-13,Universidad de Concepción,250000.0,Ciudad de Panamá,Panama,8.9714493,-79.5341802
Panama,19,Alberto Quintero,https://www.transfermarkt.com/alberto-quintero/profil/spieler/126019,Right Winger,1987-12-18,CD Plaza Amador,75000.0,Chorrillo,Panama,9.0891752,-80.0519345
Panama,20,Aníbal Godoy,https://www.transfermarkt.com/anibal-godoy/profil/spieler/161671,Defensive Midfield,1990-02-10,San Diego FC,100000.0,Ciudad de Panamá,Panama,8.9714493,-79.5341802
Panama,21,César Yanis,https://www.transfermarkt.com/cesar-yanis/profil/spieler/741098,Right Winger,1996-01-28,CD Cobresal,400000.0,Ciudad de Panamá,Panama,8.9714493,-79.5341802
Panama,22,Orlando Mosquera,https://www.transfermarkt.com/orlando-mosquera/profil/spieler/402979,Goalkeeper,1994-12-25,Al-Fayha FC,700000.0,San Miguelito,Panama,9.0551061,-79.4933063
Panama,23,Amir Murillo,https://www.transfermarkt.com/amir-murillo/profil/spieler/354482,Right-Back,1996-02-11,Besiktas JK,7000000.0,Salamanca,Panama,9.3333926,-79.6016488
Panama,24,Azarías Londoño,https://www.transfermarkt.com/azarias-londono/profil/spieler/860998,Centre-Forward,2001-06-21,CD Universidad Católica,1000000.0,Panama City,Panama,8.9714493,-79.5341802
Panama,25,Roderick Miller,https://www.transfermarkt.com/roderick-miller/profil/spieler/157154,Centre-Back,1992-04-03,Turan-Tovuz IK,175000.0,Panama City,Panama,8.9714493,-79.5341802
Panama,26,Jorge Gutiérrez,https://www.transfermarkt.com/jorge-gutierrez/profil/spieler/443379,Left-Back,1998-09-01,Deportivo La Guaira,800000.0,Ciudad de Panamá,Panama,8.9714493,-79.5341802
Paraguay,1,Roberto Fernández,https://www.transfermarkt.com/roberto-fernandez/profil/spieler/107318,Goalkeeper,1988-03-29,Club Cerro Porteño,100000.0,Asunción,Paraguay,-25.2800459,-57.6343814
Paraguay,2,Gustavo Velázquez,https://www.transfermarkt.com/gustavo-velazquez/profil/spieler/389399,Centre-Back,1991-04-17,Club Cerro Porteño,400000.0,Yataity del Norte,Paraguay,-24.8459312,-56.3560445
Paraguay,3,Omar Alderete,https://www.transfermarkt.com/omar-alderete/profil/spieler/353032,Centre-Back,1996-12-26,Sunderland AFC,13000000.0,Asunción,Paraguay,-25.2800459,-57.6343814
Paraguay,4,Juan José Cáceres,https://www.transfermarkt.com/juan-jose-caceres/profil/spieler/756494,Right-Back,2000-06-01,Dynamo Moscow,5000000.0,Dock Sud,Argentina,-34.6522029,-58.3470596
Paraguay,5,Fabián Balbuena,https://www.transfermarkt.com/fabian-balbuena/profil/spieler/285548,Centre-Back,1991-08-23,Grêmio Foot-Ball Porto Alegrense,900000.0,Ciudad del Este,Paraguay,-25.5169015,-54.6168645
Paraguay,6,Júnior Alonso,https://www.transfermarkt.com/junior-alonso/profil/spieler/273000,Centre-Back,1993-02-09,Clube Atlético Mineiro,1500000.0,Asunción,Paraguay,-25.2800459,-57.6343814
Paraguay,7,Ramón Sosa,https://www.transfermarkt.com/ramon-sosa/profil/spieler/745191,Second Striker,1999-08-31,Sociedade Esportiva Palmeiras,10000000.0,Maracaná,Paraguay,-24.1899734,-56.1197791
Paraguay,8,Diego Gómez,https://www.transfermarkt.com/diego-gomez/profil/spieler/996897,Central Midfield,2003-03-27,Brighton & Hove Albion,25000000.0,San Juan Bautista,Paraguay,-26.6690194,-57.1455794
Paraguay,9,Antonio Sanabria,https://www.transfermarkt.com/antonio-sanabria/profil/spieler/234523,Centre-Forward,1996-03-04,US Cremonese,1800000.0,San Lorenzo,Paraguay,-25.3425224,-57.509397
Paraguay,10,Miguel Almirón,https://www.transfermarkt.com/miguel-almiron/profil/spieler/272999,Right Winger,1994-02-10,Atlanta United FC,7000000.0,Asunción,Paraguay,-25.2800459,-57.6343814
Paraguay,11,Mauricio,https://www.transfermarkt.com/mauricio/profil/spieler/678439,Attacking Midfield,2001-06-22,Sociedade Esportiva Palmeiras,15000000.0,São Paulo,Brazil,-23.5506507,-46.6333824
Paraguay,12,Orlando Gill,https://www.transfermarkt.com/orlando-gill/profil/spieler/643259,Goalkeeper,2000-06-11,CA San Lorenzo de Almagro,6000000.0,San Lorenzo,Paraguay,-25.3425224,-57.509397
Paraguay,13,José Canale,https://www.transfermarkt.com/jose-canale/profil/spieler/402627,Centre-Back,1996-07-20,CA Lanús,2200000.0,Itauguá,Paraguay,-25.3947318,-57.3532892
Paraguay,14,Andrés Cubas,https://www.transfermarkt.com/andres-cubas/profil/spieler/323872,Defensive Midfield,1996-05-22,Vancouver Whitecaps FC,4500000.0,Aristóbulo del Valle,Argentina,-27.099185,-54.8935248
Paraguay,15,Gustavo Gómez,https://www.transfermarkt.com/gustavo-gomez/profil/spieler/215390,Centre-Back,1993-05-06,Sociedade Esportiva Palmeiras,3500000.0,San Juan Bautista,Paraguay,-26.6690194,-57.1455794
Paraguay,16,Damián Bobadilla,https://www.transfermarkt.com/damian-bobadilla/profil/spieler/861852,Central Midfield,2001-07-11,São Paulo Futebol Clube,6000000.0,Asunción,Paraguay,-25.2800459,-57.6343814
Paraguay,17,Kaku,https://www.transfermarkt.com/kaku/profil/spieler/355817,Attacking Midfield,1995-01-11,Al-Ain FC,4500000.0,Ciudadela,Argentina,-34.6399288,-58.5410771
Paraguay,18,Álex Arce,https://www.transfermarkt.com/alex-arce/profil/spieler/970518,Centre-Forward,1995-06-16,CS Independiente Rivadavia,3500000.0,Carapeguá,Paraguay,-25.767636,-57.2425331
Paraguay,19,Julio Enciso,https://www.transfermarkt.com/julio-enciso/profil/spieler/660867,Attacking Midfield,2004-01-23,RC Strasbourg Alsace,25000000.0,Caaguazú,Paraguay,-25.333333,-55.833333
Paraguay,20,Braian Ojeda,https://www.transfermarkt.com/braian-ojeda/profil/spieler/491596,Defensive Midfield,2000-06-27,Orlando City SC,3500000.0,San Lorenzo,Paraguay,-25.3425224,-57.509397
Paraguay,21,Gabriel Ávalos,https://www.transfermarkt.com/gabriel-avalos/profil/spieler/358418,Centre-Forward,1990-10-12,CA Independiente,750000.0,Hohenau,Paraguay,-27.0712879,-55.639978
Paraguay,22,Gastón Olveira,https://www.transfermarkt.com/gaston-olveira/profil/spieler/301722,Goalkeeper,1993-04-21,Olimpia Asunción,500000.0,Montevideo,Uruguay,-34.9058916,-56.1913095
Paraguay,23,Matías Galarza,https://www.transfermarkt.com/matias-galarza/profil/spieler/661269,Central Midfield,2002-02-11,Atlanta United FC,3000000.0,Asunción,Paraguay,-25.2800459,-57.6343814
Paraguay,24,Gustavo Caballero,https://www.transfermarkt.com/gustavo-caballero/profil/spieler/891672,Left Winger,2001-09-21,Portsmouth FC,1000000.0,San Lorenzo,Paraguay,-25.3425224,-57.509397
Paraguay,25,Isidro Pitta,https://www.transfermarkt.com/isidro-pitta/profil/spieler/675178,Centre-Forward,1999-08-14,Red Bull Bragantino,7500000.0,Tobatí,Paraguay,-25.2602337,-57.0824109
Paraguay,26,Alexandro Maidana,https://www.transfermarkt.com/alexandro-maidana/profil/spieler/1371519,Left-Back,2005-07-26,CA Talleres,2500000.0,Caacupé,Paraguay,-25.3856888,-57.140477
Portugal,1,Diogo Costa,https://www.transfermarkt.com/diogo-costa/profil/spieler/357153,Goalkeeper,1999-09-19,FC Porto,40000000.0,Rothrist,Switzerland,47.3029125,7.8826232
Portugal,2,Nélson Semedo,https://www.transfermarkt.com/nelson-semedo/profil/spieler/231572,Right-Back,1993-11-16,Fenerbahce,6000000.0,Lisboa,Portugal,38.7077507,-9.1365919
Portugal,3,Rúben Dias,https://www.transfermarkt.com/ruben-dias/profil/spieler/258004,Centre-Back,1997-05-14,Manchester City,55000000.0,Amadora,Portugal,38.758959,-9.2365233
Portugal,4,Tomás Araújo,https://www.transfermarkt.com/tomas-araujo/profil/spieler/504087,Centre-Back,2002-05-16,SL Benfica,30000000.0,Famalicão,Portugal,41.4064621,-8.5187849
Portugal,5,Diogo Dalot,https://www.transfermarkt.com/diogo-dalot/profil/spieler/357147,Right-Back,1999-03-18,Manchester United,30000000.0,Braga,Portugal,41.5510583,-8.4280045
Portugal,6,Matheus Nunes,https://www.transfermarkt.com/matheus-nunes/profil/spieler/601883,Right-Back,1998-08-27,Manchester City,50000000.0,Rio de Janeiro,Brazil,-22.9110137,-43.2093727
Portugal,7,Cristiano Ronaldo,https://www.transfermarkt.com/cristiano-ronaldo/profil/spieler/8198,Centre-Forward,1985-02-05,Al-Nassr FC,10000000.0,Funchal,Portugal,32.6496497,-16.9086783
Portugal,8,Bruno Fernandes,https://www.transfermarkt.com/bruno-fernandes/profil/spieler/240306,Attacking Midfield,1994-09-08,Manchester United,35000000.0,Maia,Portugal,41.2373456,-8.6299982
Portugal,9,Gonçalo Ramos,https://www.transfermarkt.com/goncalo-ramos/profil/spieler/550550,Centre-Forward,2001-06-20,Paris Saint-Germain,30000000.0,Olhão,Portugal,37.0270369,-7.8411287
Portugal,10,Bernardo Silva,https://www.transfermarkt.com/bernardo-silva/profil/spieler/241641,Attacking Midfield,1994-08-10,Manchester City,22000000.0,Lisboa,Portugal,38.7077507,-9.1365919
Portugal,11,João Félix,https://www.transfermarkt.com/joao-felix/profil/spieler/462250,Second Striker,1999-11-10,Al-Nassr FC,28000000.0,Viseu,Portugal,40.6574713,-7.9138664
Portugal,12,José Sá,https://www.transfermarkt.com/jose-sa/profil/spieler/249994,Goalkeeper,1993-01-17,Wolverhampton Wanderers,3500000.0,Braga,Portugal,41.5510583,-8.4280045
Portugal,13,Renato Veiga,https://www.transfermarkt.com/renato-veiga/profil/spieler/805714,Centre-Back,2003-07-29,Villarreal CF,25000000.0,Lisboa,Portugal,38.7077507,-9.1365919
Portugal,14,Gonçalo Inácio,https://www.transfermarkt.com/goncalo-inacio/profil/spieler/549006,Centre-Back,2001-08-25,Sporting CP,40000000.0,Almada,Portugal,38.6831302,-9.1576301
Portugal,15,João Neves,https://www.transfermarkt.com/joao-neves/profil/spieler/670681,Central Midfield,2004-09-27,Paris Saint-Germain,140000000.0,Tavira,Portugal,37.1262493,-7.6499121
Portugal,16,Francisco Trincão,https://www.transfermarkt.com/francisco-trincao/profil/spieler/412669,Attacking Midfield,1999-12-29,Sporting CP,40000000.0,Viana do Castelo,Portugal,41.6935131,-8.828277
Portugal,17,Rafael Leão,https://www.transfermarkt.com/rafael-leao/profil/spieler/357164,Left Winger,1999-06-10,AC Milan,50000000.0,Almada,Portugal,38.6831302,-9.1576301
Portugal,18,Pedro Neto,https://www.transfermarkt.com/pedro-neto/profil/spieler/487465,Right Winger,2000-03-09,Chelsea FC,60000000.0,Viana do Castelo,Portugal,41.6935131,-8.828277
Portugal,19,Gonçalo Guedes,https://www.transfermarkt.com/goncalo-guedes/profil/spieler/225122,Left Winger,1996-11-29,Real Sociedad,6000000.0,Benavente,Portugal,38.9826508,-8.8095788
Portugal,20,João Cancelo,https://www.transfermarkt.com/joao-cancelo/profil/spieler/182712,Right-Back,1994-05-27,FC Barcelona,8000000.0,Barreiro,Portugal,38.6340657,-9.0478559
Portugal,21,Rúben Neves,https://www.transfermarkt.com/ruben-neves/profil/spieler/225161,Defensive Midfield,1997-03-13,Al-Hilal SFC,25000000.0,Santa Maria da Feira,Portugal,40.9254179,-8.5426688
Portugal,22,Rui Silva,https://www.transfermarkt.com/rui-silva/profil/spieler/234811,Goalkeeper,1994-02-07,Sporting CP,7000000.0,Maia,Portugal,41.2373456,-8.6299982
Portugal,23,Vitinha,https://www.transfermarkt.com/vitinha/profil/spieler/487469,Defensive Midfield,2000-02-13,Paris Saint-Germain,140000000.0,Vila das Aves,Portugal,41.3606851,-8.407702
Portugal,24,Samú Costa,https://www.transfermarkt.com/samu-costa/profil/spieler/657430,Defensive Midfield,2000-11-27,RCD Mallorca,15000000.0,Aveiro,Portugal,40.640496,-8.6537841
Portugal,25,Nuno Mendes,https://www.transfermarkt.com/nuno-mendes/profil/spieler/616341,Left-Back,2002-06-19,Paris Saint-Germain,80000000.0,Lisboa,Portugal,38.7077507,-9.1365919
Portugal,26,Francisco Conceição,https://www.transfermarkt.com/francisco-conceicao/profil/spieler/487474,Right Winger,2002-12-14,Juventus FC,30000000.0,Coimbra,Portugal,40.2111931,-8.4294632
Qatar,1,Mahmoud Abunada,https://www.transfermarkt.com/mahmoud-abunada/profil/spieler/669629,Goalkeeper,2000-02-05,Al-Rayyan SC,400000.0,Doha,Qatar,25.3108807,51.5081812
Qatar,2,Pedro Miguel,https://www.transfermarkt.com/pedro-miguel/profil/spieler/228727,Centre-Back,1990-08-06,Al-Sadd SC,150000.0,Algueirão–Mem Martins,Portugal,38.8033024,-9.3348119
Qatar,3,Lucas Mendes,https://www.transfermarkt.com/lucas-mendes/profil/spieler/83983,Centre-Back,1990-07-03,Al-Wakrah SC,350000.0,Curitiba,Brazil,-25.4295963,-49.2712724
Qatar,4,Issa Laye,https://www.transfermarkt.com/issa-laye/profil/spieler/1264176,Centre-Back,1997-12-22,Al-Arabi SC,200000.0,-,Senegal,14.4750607,-14.4529612
Qatar,5,Jassem Gaber,https://www.transfermarkt.com/jassem-gaber/profil/spieler/735813,Defensive Midfield,2002-02-20,Al-Rayyan SC,500000.0,Doha,Qatar,25.3108807,51.5081812
Qatar,7,Ahmed Alaaeldin,https://www.transfermarkt.com/ahmed-alaaeldin/profil/spieler/187987,Centre-Forward,1993-01-31,Al-Rayyan SC,300000.0,Ismailia,Egypt,30.6043775,32.2770825
Qatar,8,Edmílson Junior,https://www.transfermarkt.com/edmilson-junior/profil/spieler/237846,Left Winger,1994-08-19,Al-Duhail SC,1800000.0,Liège,Belgium,50.6450944,5.5736112
Qatar,9,Mohammed Muntari,https://www.transfermarkt.com/mohammed-muntari/profil/spieler/266935,Centre-Forward,1993-12-20,Al-Gharafa SC,200000.0,Kumasi,Ghana,6.6985605,-1.6233086
Qatar,10,Hasan Al-Haydos,https://www.transfermarkt.com/hasan-al-haydos/profil/spieler/86286,Attacking Midfield,1990-12-11,Al-Sadd SC,300000.0,Doha,Qatar,25.3108807,51.5081812
Qatar,11,Akram Afif,https://www.transfermarkt.com/akram-afif/profil/spieler/336646,Left Winger,1996-11-18,Al-Sadd SC,8000000.0,Doha,Qatar,25.3108807,51.5081812
Qatar,12,Karim Boudiaf,https://www.transfermarkt.com/karim-boudiaf/profil/spieler/222385,Defensive Midfield,1990-09-16,Al-Duhail SC,175000.0,Rueil-Malmaison,France,48.87778,2.1802832
Qatar,13,Ayoub Al-Oui,https://www.transfermarkt.com/ayoub-al-oui/profil/spieler/1054631,Right-Back,2005-03-11,Al-Gharafa SC,375000.0,-,Qatar,25.3336984,51.2295295
Qatar,14,Homam Al-Amin,https://www.transfermarkt.com/homam-al-amin/profil/spieler/556713,Left-Back,1999-08-25,Cultural Leonesa,500000.0,Doha,Qatar,25.3108807,51.5081812
Qatar,15,Yusuf Abdurisag,https://www.transfermarkt.com/yusuf-abdurisag/profil/spieler/589099,Left Winger,1999-08-06,Al-Wakrah SC,275000.0,Vivalla,Sweden,59.2998949,15.1869884
Qatar,16,Boualem Khoukhi,https://www.transfermarkt.com/boualem-khoukhi/profil/spieler/222669,Centre-Back,1990-07-09,Al-Sadd SC,200000.0,Bou Ismaïl,Algeria,36.642758,2.6899362
Qatar,17,Ahmed Al-Ganehi,https://www.transfermarkt.com/ahmed-al-ganehi/profil/spieler/670659,Right Winger,2000-09-22,Al-Gharafa SC,500000.0,Doha,Qatar,25.3108807,51.5081812
Qatar,18,Sultan Al-Brake,https://www.transfermarkt.com/sultan-al-brake/profil/spieler/336665,Left-Back,1996-04-07,Al-Duhail SC,300000.0,Doha,Qatar,25.3108807,51.5081812
Qatar,19,Almoez Ali,https://www.transfermarkt.com/almoez-ali/profil/spieler/345095,Centre-Forward,1996-08-19,Al-Duhail SC,2500000.0,Khartum,Sudan,15.5635972,32.5349123
Qatar,20,Ahmed Fathi,https://www.transfermarkt.com/ahmed-fathi/profil/spieler/251183,Defensive Midfield,1993-01-25,Al-Arabi SC,250000.0,,,,
Qatar,21,Salah Zakaria,https://www.transfermarkt.com/salah-zakaria/profil/spieler/632912,Goalkeeper,1999-04-24,Al-Duhail SC,400000.0,Al-Sharqiyah,Egypt,30.6332775,31.7893739
Qatar,22,Meshaal Barsham,https://www.transfermarkt.com/meshaal-barsham/profil/spieler/560423,Goalkeeper,1998-02-14,Al-Sadd SC,700000.0,Khartoum,Sudan,15.5635972,32.5349123
Qatar,23,Assim Madibo,https://www.transfermarkt.com/assim-madibo/profil/spieler/336667,Defensive Midfield,1996-10-22,Al-Wakrah SC,350000.0,Khartoum,Sudan,15.5635972,32.5349123
Qatar,24,Tahsin Mohammed Jamshid,https://www.transfermarkt.com/tahsin-mohammed-jamshid/profil/spieler/1143849,Left Winger,2006-06-16,Al-Duhail SC,200000.0,-,Qatar,25.3336984,51.2295295
Qatar,25,Al-Hashmi Al-Hussain,https://www.transfermarkt.com/al-hashmi-al-hussain/profil/spieler/943150,Centre-Back,2003-08-15,Al-Arabi SC,250000.0,-,Qatar,25.3336984,51.2295295
Qatar,26,Mohamed Manai,https://www.transfermarkt.com/mohamed-manai/profil/spieler/822935,Central Midfield,2002-10-25,Al-Shamal SC,500000.0,,,,
Saudi Arabia,1,Nawaf Al-Aqidi,https://www.transfermarkt.com/nawaf-al-aqidi/profil/spieler/886183,Goalkeeper,2000-05-10,Al-Nassr FC,650000.0,Riyadh,Saudi Arabia,24.638916,46.7160104
Saudi Arabia,3,Ali Lajami,https://www.transfermarkt.com/ali-lajami/profil/spieler/264909,Centre-Back,1996-04-24,Al-Hilal SFC,750000.0,Saihat,Saudi Arabia,26.475,50.0416329
Saudi Arabia,4,Abdulelah Al-Amri,https://www.transfermarkt.com/abdulelah-al-amri/profil/spieler/509894,Centre-Back,1997-01-15,Al-Nassr FC,1400000.0,Ta'if,Saudi Arabia,21.2702801,40.4158308
Saudi Arabia,5,Hassan Tambakti,https://www.transfermarkt.com/hassan-tambakti/profil/spieler/509897,Centre-Back,1999-02-09,Al-Hilal SFC,1800000.0,Riyadh,Saudi Arabia,24.638916,46.7160104
Saudi Arabia,6,Nasser Al-Dawsari,https://www.transfermarkt.com/nasser-al-dawsari/profil/spieler/509911,Central Midfield,1998-12-19,Al-Hilal SFC,900000.0,Riyadh,Saudi Arabia,24.638916,46.7160104
Saudi Arabia,7,Musab Al-Juwayr,https://www.transfermarkt.com/musab-al-juwayr/profil/spieler/901181,Central Midfield,2003-06-20,Al-Qadsiah FC,6000000.0,Riyadh,Saudi Arabia,24.638916,46.7160104
Saudi Arabia,8,Ayman Yahya,https://www.transfermarkt.com/ayman-yahya/profil/spieler/735815,Left-Back,2001-05-14,Al-Nassr FC,1200000.0,Riyadh,Saudi Arabia,24.638916,46.7160104
Saudi Arabia,9,Firas Al-Buraikan,https://www.transfermarkt.com/firas-al-buraikan/profil/spieler/631922,Centre-Forward,2000-05-14,Al-Ahli SFC,3500000.0,Riyadh,Saudi Arabia,24.638916,46.7160104
Saudi Arabia,10,Salem Al-Dawsari,https://www.transfermarkt.com/salem-al-dawsari/profil/spieler/195332,Left Winger,1991-08-19,Al-Hilal SFC,1200000.0,Wadi ad-Dawasir,Saudi Arabia,20.4602516,44.799553
Saudi Arabia,11,Saleh Al-Shehri,https://www.transfermarkt.com/saleh-al-shehri/profil/spieler/242267,Centre-Forward,1993-11-01,Al-Ittihad Club,500000.0,Wadi Addawasir,Saudi Arabia,,
Saudi Arabia,12,Saud Abdulhamid,https://www.transfermarkt.com/saud-abdulhamid/profil/spieler/631927,Right-Back,1999-07-18,RC Lens,9000000.0,Jeddah,Saudi Arabia,21.5504432,39.1742363
Saudi Arabia,13,Nawaf Boushal,https://www.transfermarkt.com/nawaf-boushal/profil/spieler/821377,Right-Back,1999-09-16,Al-Nassr FC,1400000.0,Qatif,Saudi Arabia,26.5586004,50.0087399
Saudi Arabia,14,Hassan Kadesh,https://www.transfermarkt.com/hassan-kadesh/profil/spieler/260859,Left-Back,1992-09-26,Al-Ittihad Club,275000.0,Dammam,Saudi Arabia,26.4367824,50.1039991
Saudi Arabia,15,Abdullah Al-Khaibari,https://www.transfermarkt.com/abdullah-al-khaibari/profil/spieler/437903,Defensive Midfield,1996-08-16,Al-Nassr FC,750000.0,Riyadh,Saudi Arabia,24.638916,46.7160104
Saudi Arabia,16,Ziyad Al-Johani,https://www.transfermarkt.com/ziyad-al-johani/profil/spieler/901079,Defensive Midfield,2001-11-11,Al-Ahli SFC,800000.0,Jeddah,Saudi Arabia,21.5504432,39.1742363
Saudi Arabia,18,Alaa Hejji,https://www.transfermarkt.com/alaa-hejji/profil/spieler/443937,Central Midfield,1995-12-03,NEOM SC,300000.0,Buraydah,Saudi Arabia,26.331667,43.971667
Saudi Arabia,20,Sultan Mandash,https://www.transfermarkt.com/sultan-mandash/profil/spieler/210349,Right Winger,1994-10-17,Al-Hilal SFC,350000.0,Jeddah,Saudi Arabia,21.5504432,39.1742363
Saudi Arabia,21,Mohammed Al-Owais,https://www.transfermarkt.com/mohammed-al-owais/profil/spieler/262845,Goalkeeper,1991-10-10,Al-Ula FC,275000.0,-,Saudi Arabia,25.6242618,42.3528328
Saudi Arabia,22,Ahmed Al-Kassar,https://www.transfermarkt.com/ahmed-al-kassar/profil/spieler/177956,Goalkeeper,1991-05-08,Al-Qadsiah FC,175000.0,Qatif,Saudi Arabia,26.5586004,50.0087399
Saudi Arabia,23,Mohamed Kanno,https://www.transfermarkt.com/mohamed-kanno/profil/spieler/308120,Central Midfield,1994-09-22,Al-Hilal SFC,800000.0,Khobar,Saudi Arabia,26.3039999,50.1960237
Saudi Arabia,25,Jehad Thakri,https://www.transfermarkt.com/jehad-thakri/profil/spieler/901334,Centre-Back,2001-07-21,Al-Qadsiah FC,1200000.0,Khobar,Saudi Arabia,26.3039999,50.1960237
Saudi Arabia,26,Mohammed Abu Al-Shamat,https://www.transfermarkt.com/mohammed-abu-al-shamat/profil/spieler/1181852,Right-Back,2002-08-11,Al-Qadsiah FC,1800000.0,Jeddah,Saudi Arabia,21.5504432,39.1742363
Saudi Arabia,2,Ali Majrashi,https://www.transfermarkt.com/ali-majrashi/profil/spieler/672391,Right-Back,1999-10-01,Al-Ahli SFC,1400000.0,Al-Hamimah,Saudi Arabia,21.5088621,39.6321854
Scotland,1,Angus Gunn,https://www.transfermarkt.com/angus-gunn/profil/spieler/201574,Goalkeeper,1996-01-22,Nottingham Forest,1000000.0,Norwich,England,52.6285576,1.2923954
Scotland,2,Aaron Hickey,https://www.transfermarkt.com/aaron-hickey/profil/spieler/591949,Right-Back,2002-06-10,Brentford FC,16000000.0,Glasgow,Scotland,55.861155,-4.2501687
Scotland,3,Andrew Robertson,https://www.transfermarkt.com/andrew-robertson/profil/spieler/234803,Left-Back,1994-03-11,Liverpool FC,7000000.0,Glasgow,Scotland,55.861155,-4.2501687
Scotland,4,Scott McTominay,https://www.transfermarkt.com/scott-mctominay/profil/spieler/315969,Central Midfield,1996-12-08,SSC Napoli,40000000.0,Lancaster,England,54.0488219,-2.8013499
Scotland,5,Grant Hanley,https://www.transfermarkt.com/grant-hanley/profil/spieler/121385,Centre-Back,1991-11-20,Hibernian FC,200000.0,Dumfries,Scotland,55.0691831,-3.6106856
Scotland,6,Kieran Tierney,https://www.transfermarkt.com/kieran-tierney/profil/spieler/300716,Left-Back,1997-06-05,Celtic FC,8000000.0,Douglas,Isle of Man,54.149774,-4.4779021
Scotland,7,John McGinn,https://www.transfermarkt.com/john-mcginn/profil/spieler/193116,Central Midfield,1994-10-18,Aston Villa,13000000.0,Glasgow,Scotland,55.861155,-4.2501687
Scotland,8,Tyler Fletcher,https://www.transfermarkt.com/tyler-fletcher/profil/spieler/1049911,Central Midfield,2007-03-19,Manchester United U21,1500000.0,Manchester,England,53.4424618,-2.2324547
Scotland,9,Lyndon Dykes,https://www.transfermarkt.com/lyndon-dykes/profil/spieler/347138,Centre-Forward,1995-10-07,Charlton Athletic,800000.0,Gold Coast,Australia,-28.0023731,153.4145987
Scotland,10,Ché Adams,https://www.transfermarkt.com/che-adams/profil/spieler/346779,Centre-Forward,1996-07-13,Torino FC,5000000.0,Leicester,England,52.6362,-1.1331969
Scotland,11,Ryan Christie,https://www.transfermarkt.com/ryan-christie/profil/spieler/188077,Central Midfield,1995-02-22,AFC Bournemouth,8000000.0,Inverness,Scotland,57.4790124,-4.225739
Scotland,12,Liam Kelly,https://www.transfermarkt.com/liam-kelly/profil/spieler/208772,Goalkeeper,1996-01-23,Rangers FC,800000.0,Glasgow,Scotland,55.861155,-4.2501687
Scotland,13,Jack Hendry,https://www.transfermarkt.com/jack-hendry/profil/spieler/363223,Centre-Back,1995-05-07,Al-Ettifaq FC,2500000.0,Glasgow,Scotland,55.861155,-4.2501687
Scotland,14,Ross Stewart,https://www.transfermarkt.com/ross-stewart/profil/spieler/447995,Centre-Forward,1996-07-11,Southampton FC,2500000.0,Irvine,Scotland,55.6131309,-4.6696399
Scotland,15,John Souttar,https://www.transfermarkt.com/john-souttar/profil/spieler/235767,Centre-Back,1996-09-25,Rangers FC,2000000.0,Aberdeen,Scotland,57.1482429,-2.0928095
Scotland,16,Dominic Hyam,https://www.transfermarkt.com/dominic-hyam/profil/spieler/263268,Centre-Back,1995-12-20,Wrexham AFC,2000000.0,Leuchars,Scotland,56.374796,-2.8938545
Scotland,17,Ben Gannon-Doak,https://www.transfermarkt.com/ben-gannon-doak/profil/spieler/719673,Right Winger,2005-11-11,AFC Bournemouth,15000000.0,Dalry,Scotland,55.70599,-4.7111352
Scotland,18,George Hirst,https://www.transfermarkt.com/george-hirst/profil/spieler/420808,Centre-Forward,1999-02-15,Ipswich Town,10000000.0,Sheffield,England,53.3806626,-1.4702278
Scotland,19,Lewis Ferguson,https://www.transfermarkt.com/lewis-ferguson/profil/spieler/428563,Central Midfield,1999-08-24,Bologna FC 1909,14000000.0,Hamilton,Scotland,55.7759095,-4.033442
Scotland,20,Lawrence Shankland,https://www.transfermarkt.com/lawrence-shankland/profil/spieler/225744,Centre-Forward,1995-08-10,Heart of Midlothian FC,3000000.0,Glasgow,Scotland,55.861155,-4.2501687
Scotland,21,Craig Gordon,https://www.transfermarkt.com/craig-gordon/profil/spieler/12589,Goalkeeper,1982-12-31,Heart of Midlothian FC,50000.0,Edinburgh,Scotland,55.9533456,-3.1883749
Scotland,22,Nathan Patterson,https://www.transfermarkt.com/nathan-patterson/profil/spieler/424015,Right-Back,2001-10-16,Everton FC,10000000.0,Glasgow,Scotland,55.861155,-4.2501687
Scotland,23,Kenny McLean,https://www.transfermarkt.com/kenny-mclean/profil/spieler/126600,Central Midfield,1992-01-08,Norwich City,400000.0,Rutherglen,Scotland,55.8284315,-4.2134405
Scotland,24,Anthony Ralston,https://www.transfermarkt.com/anthony-ralston/profil/spieler/388171,Right-Back,1998-11-16,Celtic FC,1500000.0,Glasgow,Scotland,55.861155,-4.2501687
Scotland,25,Findlay Curtis,https://www.transfermarkt.com/findlay-curtis/profil/spieler/1082993,Left Winger,2006-06-09,Rangers FC,2000000.0,Balfron,Scotland,56.0680711,-4.3356705
Scotland,26,Scott McKenna,https://www.transfermarkt.com/scott-mckenna/profil/spieler/255906,Centre-Back,1996-11-12,GNK Dinamo Zagreb,4000000.0,Kirriemuir,Scotland,56.6731057,-3.0043927
Senegal,1,Yehvann Diouf,https://www.transfermarkt.com/yehvann-diouf/profil/spieler/448632,Goalkeeper,1999-11-16,OGC Nice,7000000.0,Montreuil-sous-Bois,France,48.8623357,2.4412184
Senegal,2,Mamadou Sarr,https://www.transfermarkt.com/mamadou-sarr/profil/spieler/910905,Centre-Back,2005-08-29,Chelsea FC,22000000.0,Martigues,France,43.4057279,5.0548176
Senegal,3,Kalidou Koulibaly,https://www.transfermarkt.com/kalidou-koulibaly/profil/spieler/93128,Centre-Back,1991-06-20,Al-Hilal SFC,4500000.0,Saint-Dié-des-Vosges,France,48.2872305,6.9474449
Senegal,4,Abdoulaye Seck,https://www.transfermarkt.com/abdoulaye-seck/profil/spieler/265383,Centre-Back,1992-06-04,Maccabi Haifa,400000.0,Mbour,Senegal,14.4207396,-16.971484
Senegal,5,Idrissa Gueye,https://www.transfermarkt.com/idrissa-gueye/profil/spieler/126665,Defensive Midfield,1989-09-26,Everton FC,500000.0,Dakar,Senegal,14.693425,-17.447938
Senegal,6,Pathé Ciss,https://www.transfermarkt.com/pathe-ciss/profil/spieler/525578,Central Midfield,1994-03-16,Rayo Vallecano,1800000.0,Dakar,Senegal,14.693425,-17.447938
Senegal,7,Assane Diao,https://www.transfermarkt.com/assane-diao/profil/spieler/1061282,Left Winger,2005-09-07,Como 1907,30000000.0,Ndongane,Senegal,,
Senegal,8,Lamine Camara,https://www.transfermarkt.com/lamine-camara/profil/spieler/918969,Central Midfield,2004-01-01,AS Monaco,40000000.0,Diouloulou,Senegal,13.0482815,-16.598754
Senegal,9,Bamba Dieng,https://www.transfermarkt.com/bamba-dieng/profil/spieler/822458,Centre-Forward,2000-03-23,FC Lorient,15000000.0,Pikine,Senegal,14.751544,-17.396413
Senegal,10,Sadio Mané,https://www.transfermarkt.com/sadio-mane/profil/spieler/200512,Left Winger,1992-04-10,Al-Nassr FC,6000000.0,"Bambali, Sédhiou",Senegal,12.655907,-15.4529962
Senegal,11,Nicolas Jackson,https://www.transfermarkt.com/nicolas-jackson/profil/spieler/776890,Centre-Forward,2001-06-20,Bayern Munich,40000000.0,Banjul,The Gambia,13.45535,-16.575646
Senegal,12,Cherif Ndiaye,https://www.transfermarkt.com/cherif-ndiaye/profil/spieler/480705,Centre-Forward,1996-01-23,Samsunspor,5000000.0,Dakar,Senegal,14.693425,-17.447938
Senegal,13,Iliman Ndiaye,https://www.transfermarkt.com/iliman-ndiaye/profil/spieler/623570,Right Winger,2000-03-06,Everton FC,55000000.0,Rouen,France,49.4404591,1.0939658
Senegal,14,Ismail Jakobs,https://www.transfermarkt.com/ismail-jakobs/profil/spieler/375137,Left-Back,1999-08-17,Galatasaray,8000000.0,Köln,Germany,50.938361,6.959974
Senegal,15,Krépin Diatta,https://www.transfermarkt.com/krepin-diatta/profil/spieler/490426,Right Midfield,1999-02-25,AS Monaco,6000000.0,Dakar,Senegal,14.693425,-17.447938
Senegal,16,Edouard Mendy,https://www.transfermarkt.com/edouard-mendy/profil/spieler/442531,Goalkeeper,1992-03-01,Al-Ahli SFC,4000000.0,Montivilliers,France,49.5457966,0.1920827
Senegal,17,Pape Matar Sarr,https://www.transfermarkt.com/pape-matar-sarr/profil/spieler/568693,Central Midfield,2002-09-14,Tottenham Hotspur,30000000.0,Thiaroye,Senegal,14.7473433,-17.3687784
Senegal,18,Ismaïla Sarr,https://www.transfermarkt.com/ismaila-sarr/profil/spieler/410225,Right Winger,1998-02-25,Crystal Palace,40000000.0,Saint-Louis,Senegal,16.0280445,-16.5048686
Senegal,19,Moussa Niakhaté,https://www.transfermarkt.com/moussa-niakhate/profil/spieler/291200,Centre-Back,1996-03-08,Olympique Lyon,15000000.0,Roubaix,France,50.6915893,3.1741734
Senegal,20,Ibrahim Mbaye,https://www.transfermarkt.com/ibrahim-mbaye/profil/spieler/1185888,Right Winger,2008-01-24,Paris Saint-Germain,30000000.0,Trappes,France,48.7760957,1.9988356
Senegal,21,Habib Diarra,https://www.transfermarkt.com/habib-diarra/profil/spieler/876631,Central Midfield,2004-01-03,Sunderland AFC,35000000.0,Guédiawaye,Senegal,14.7771207,-17.390071
Senegal,22,Bara Sapoko Ndiaye,https://www.transfermarkt.com/bara-sapoko-ndiaye/profil/spieler/1497653,Central Midfield,2007-12-31,Bayern Munich,4000000.0,Mékhé,Senegal,15.1138084,-16.6326816
Senegal,23,Mory Diaw,https://www.transfermarkt.com/mory-diaw/profil/spieler/164904,Goalkeeper,1993-06-22,Le Havre AC,900000.0,Poissy,France,48.9274192,2.0426301
Senegal,24,Antoine Mendy,https://www.transfermarkt.com/antoine-mendy/profil/spieler/891998,Centre-Back,2004-05-27,OGC Nice,10000000.0,Marseille,France,43.2963986,5.3777888
Senegal,25,El Hadji Malick Diouf,https://www.transfermarkt.com/el-hadji-malick-diouf/profil/spieler/1111589,Left-Back,2004-12-28,West Ham United,28000000.0,Ziguinchor,Senegal,12.5634929,-16.2724609
Senegal,26,Pape Gueye,https://www.transfermarkt.com/pape-gueye/profil/spieler/485963,Central Midfield,1999-01-24,Villarreal CF,40000000.0,Montreuil,France,50.4638918,1.7631125
South Africa,1,Ronwen Williams,https://www.transfermarkt.com/ronwen-williams/profil/spieler/175577,Goalkeeper,1992-01-21,Mamelodi Sundowns FC,800000.0,"Port Elizabeth, Eastern Cape",South Africa,-33.9618598,25.6186731
South Africa,2,Thabang Matuludi,https://www.transfermarkt.com/thabang-matuludi/profil/spieler/1109254,Right-Back,1999-01-14,Polokwane City FC,1200000.0,"Dennilton, Limpopo",South Africa,-25.2655556,29.1688889
South Africa,3,Khulumani Ndamane,https://www.transfermarkt.com/khulumani-ndamane/profil/spieler/1283140,Centre-Back,2004-02-05,Mamelodi Sundowns FC,1200000.0,"Sahlumbe, KwaZulu-Natal",South Africa,,
South Africa,4,Teboho Mokoena,https://www.transfermarkt.com/teboho-mokoena/profil/spieler/436372,Defensive Midfield,1997-01-24,Mamelodi Sundowns FC,2800000.0,"Bethlehem, Free State",South Africa,-28.2308333,28.3088889
South Africa,5,Thalente Mbatha,https://www.transfermarkt.com/thalente-mbatha/profil/spieler/735697,Central Midfield,2000-03-06,Orlando Pirates,2000000.0,"KwaMashu, KwaZulu-Natal",South Africa,-29.741389,30.962222
South Africa,6,Aubrey Modiba,https://www.transfermarkt.com/aubrey-modiba/profil/spieler/353432,Left-Back,1995-07-22,Mamelodi Sundowns FC,1800000.0,"Polokwane, Limpopo",South Africa,-23.9058333,29.4613889
South Africa,7,Oswin Appollis,https://www.transfermarkt.com/oswin-appollis/profil/spieler/673381,Left Winger,2001-08-25,Orlando Pirates,2500000.0,"Cape Town, Western Cape",South Africa,-33.9288301,18.4172197
South Africa,8,Tshepang Moremi,https://www.transfermarkt.com/tshepang-moremi/profil/spieler/844485,Left Winger,2000-10-02,Orlando Pirates,1400000.0,"Sharpeville,  Gauteng",South Africa,-26.685,27.8758333
South Africa,9,Lyle Foster,https://www.transfermarkt.com/lyle-foster/profil/spieler/467623,Centre-Forward,2000-09-03,Burnley FC,8000000.0,"Soweto, Gauteng",South Africa,-26.2227778,27.89
South Africa,10,Relebohile Mofokeng,https://www.transfermarkt.com/relebohile-mofokeng/profil/spieler/1125037,Left Winger,2004-10-23,Orlando Pirates,3000000.0,"Sharpeville, Gauteng",South Africa,-26.685,27.8758333
South Africa,11,Themba Zwane,https://www.transfermarkt.com/themba-zwane/profil/spieler/176578,Attacking Midfield,1989-08-03,Mamelodi Sundowns FC,250000.0,"Tembisa, Gauteng",South Africa,-26.0096119,28.2313797
South Africa,12,Thapelo Maseko,https://www.transfermarkt.com/thapelo-maseko/profil/spieler/983330,Left Winger,2003-11-11,AEL Limassol,750000.0,"Sebokeng, Gauteng",South Africa,-26.560278,27.8625
South Africa,13,Yaya Sithole,https://www.transfermarkt.com/yaya-sithole/profil/spieler/401736,Central Midfield,1999-03-03,CD Tondela,600000.0,"Durban, KwaZulu-Natal",South Africa,-29.861825,31.009909
South Africa,14,Mbekezeli Mbokazi,https://www.transfermarkt.com/mbekezeli-mbokazi/profil/spieler/1378320,Centre-Back,2005-09-19,Chicago Fire FC,3500000.0,"Hluhluwe, KwaZulu-Natal",South Africa,-28.0175,32.269167
South Africa,15,Iqraam Rayners,https://www.transfermarkt.com/iqraam-rayners/profil/spieler/337884,Centre-Forward,1995-12-19,Mamelodi Sundowns FC,2800000.0,"Cape Town, Western Cape",South Africa,-33.9288301,18.4172197
South Africa,16,Sipho Chaine,https://www.transfermarkt.com/sipho-chaine/profil/spieler/453370,Goalkeeper,1996-12-14,Orlando Pirates,1600000.0,"Bloemfontein, Free State",South Africa,-29.116395,26.215496
South Africa,17,Evidence Makgopa,https://www.transfermarkt.com/evidence-makgopa/profil/spieler/746781,Centre-Forward,2000-06-05,Orlando Pirates,1400000.0,"GaMampa, Limpopo",South Africa,,
South Africa,18,Samukele Kabini,https://www.transfermarkt.com/samukele-kabini/profil/spieler/1175086,Left-Back,2004-03-15,Molde FK,2500000.0,Johannesburg,South Africa,-26.205,28.049722
South Africa,19,Nkosinathi Sibisi,https://www.transfermarkt.com/nkosinathi-sibisi/profil/spieler/399068,Centre-Back,1995-09-22,Orlando Pirates,1600000.0,"Durban, KwaZulu-Natal",South Africa,-29.861825,31.009909
South Africa,20,Khuliso Mudau,https://www.transfermarkt.com/khuliso-mudau/profil/spieler/450806,Right-Back,1995-04-26,Mamelodi Sundowns FC,1200000.0,"Musina, Limpopo",South Africa,-22.3453519,30.0268526
South Africa,21,Ime Okon,https://www.transfermarkt.com/ime-okon/profil/spieler/1107265,Centre-Back,2004-02-20,Hannover 96,2000000.0,Johannesburg,South Africa,-26.205,28.049722
South Africa,22,Ricardo Goss,https://www.transfermarkt.com/ricardo-goss/profil/spieler/258304,Goalkeeper,1994-04-02,Siwelele Football Club ,350000.0,"Durban, KwaZulu-Natal",South Africa,-29.861825,31.009909
South Africa,23,Jayden Adams,https://www.transfermarkt.com/jayden-adams/profil/spieler/804472,Central Midfield,2001-05-05,Mamelodi Sundowns FC,1800000.0,"Cape Town, Western Cape",South Africa,-33.9288301,18.4172197
South Africa,24,Olwethu Makhanya,https://www.transfermarkt.com/olwethu-makhanya/profil/spieler/1069801,Centre-Back,2004-04-30,Philadelphia Union,2000000.0,"Durban, KwaZulu Natal",South Africa,-29.861825,31.009909
South Africa,25,Kamogelo Sebelebele,https://www.transfermarkt.com/kamogelo-sebelebele/profil/spieler/994370,Right-Back,2002-07-21,Orlando Pirates,1200000.0,,,,
South Africa,26,Bradley Cross,https://www.transfermarkt.com/bradley-cross/profil/spieler/555209,Left-Back,2001-01-30,Kaizer Chiefs,1000000.0,"Kempton Park, Gauteng",South Africa,-26.0964372,28.2336325
South Korea,1,Seung-gyu Kim,https://www.transfermarkt.com/seung-gyu-kim/profil/spieler/92076,Goalkeeper,1990-09-30,FC Tokyo,500000.0,"Dong-gu, Ulsan","Korea, South",,
South Korea,2,Han-beom Lee,https://www.transfermarkt.com/han-beom-lee/profil/spieler/706963,Centre-Back,2002-06-17,FC Midtjylland,3000000.0,Daegu,"Korea, South",,
South Korea,3,Gi-hyuk Lee,https://www.transfermarkt.com/gi-hyuk-lee/profil/spieler/763349,Centre-Back,2000-07-07,Gangwon FC,800000.0,Seoul,"Korea, South",,
South Korea,4,Min-jae Kim,https://www.transfermarkt.com/min-jae-kim/profil/spieler/503482,Centre-Back,1996-11-15,Bayern Munich,20000000.0,"Tongyeong, Gyeongnam","Korea, South",,
South Korea,5,Tae-hyeon Kim,https://www.transfermarkt.com/tae-hyeon-kim/profil/spieler/645847,Centre-Back,2000-09-17,Kashima Antlers,1200000.0,"Gimpo, Gyeonggi","Korea, South",,
South Korea,6,In-beom Hwang,https://www.transfermarkt.com/in-beom-hwang/profil/spieler/365394,Defensive Midfield,1996-09-20,Feyenoord Rotterdam,7000000.0,Daejeon,"Korea, South",,
South Korea,7,Heung-min Son,https://www.transfermarkt.com/heung-min-son/profil/spieler/91845,Left Winger,1992-07-08,Los Angeles FC,15000000.0,"Chuncheon, Gangwon","Korea, South",,
South Korea,8,Seung-ho Paik,https://www.transfermarkt.com/seung-ho-paik/profil/spieler/282689,Central Midfield,1997-03-17,Birmingham City,2000000.0,Seoul,"Korea, South",,
South Korea,9,Gue-sung Cho,https://www.transfermarkt.com/gue-sung-cho/profil/spieler/652537,Centre-Forward,1998-01-25,FC Midtjylland,2500000.0,"Ansan, Gyeonggi","Korea, South",37.2972809,126.7457246
South Korea,10,Jae-sung Lee,https://www.transfermarkt.com/jae-sung-lee/profil/spieler/314398,Attacking Midfield,1992-08-10,1.FSV Mainz 05,2000000.0,Ulsan,"Korea, South",,
South Korea,11,Hee-chan Hwang,https://www.transfermarkt.com/hee-chan-hwang/profil/spieler/292246,Centre-Forward,1996-01-26,Wolverhampton Wanderers,6000000.0,"Chuncheon, Gangwon","Korea, South",,
South Korea,12,Bum-keun Song,https://www.transfermarkt.com/bum-keun-song/profil/spieler/508237,Goalkeeper,1997-10-15,Jeonbuk Hyundai Motors,1000000.0,"Seongnam, Gyeonggi","Korea, South",,
South Korea,13,Tae-seok Lee,https://www.transfermarkt.com/tae-seok-lee/profil/spieler/639027,Left-Back,2002-07-28,Austria Vienna,2000000.0,Seoul,"Korea, South",,
South Korea,14,Wi-je Cho,https://www.transfermarkt.com/wi-je-cho/profil/spieler/550978,Centre-Back,2001-08-25,Jeonbuk Hyundai Motors,550000.0,"Nam-gu, Busan","Korea, South",,
South Korea,15,Moon-hwan Kim,https://www.transfermarkt.com/moon-hwan-kim/profil/spieler/524592,Right-Back,1995-08-01,Daejeon Hana Citizen,750000.0,"Hwaseong, Gyeonggi","Korea, South",,
South Korea,16,Jin-seob Park,https://www.transfermarkt.com/jin-seob-park/profil/spieler/557469,Defensive Midfield,1995-10-23,Zhejiang FC,1000000.0,"Jeonju, Jeollabuk","Korea, South",,
South Korea,17,Jun-ho Bae,https://www.transfermarkt.com/jun-ho-bae/profil/spieler/912081,Attacking Midfield,2003-08-21,Stoke City,4000000.0,Daegu,"Korea, South",,
South Korea,18,Hyeon-gyu Oh,https://www.transfermarkt.com/hyeon-gyu-oh/profil/spieler/639246,Centre-Forward,2001-04-12,Besiktas JK,15000000.0,"Namyangju, Gyeonggi","Korea, South",,
South Korea,19,Kang-in Lee,https://www.transfermarkt.com/kang-in-lee/profil/spieler/557149,Attacking Midfield,2001-02-19,Paris Saint-Germain,28000000.0,"Namdong-gu, Incheon","Korea, South",,
South Korea,20,Hyun-jun Yang,https://www.transfermarkt.com/hyun-jun-yang/profil/spieler/853110,Right Winger,2002-05-25,Celtic FC,5000000.0,"Yeongdo-gu, Busan","Korea, South",,
South Korea,21,Hyeon-woo Jo,https://www.transfermarkt.com/hyeon-woo-jo/profil/spieler/260171,Goalkeeper,1991-09-25,Ulsan HD FC,650000.0,Seoul,"Korea, South",,
South Korea,22,Young-woo Seol,https://www.transfermarkt.com/young-woo-seol/profil/spieler/639414,Right-Back,1998-12-05,Red Star Belgrade,6500000.0,"Ulju, Ulsan","Korea, South",,
South Korea,23,Jens Castrop,https://www.transfermarkt.com/jens-castrop/profil/spieler/613192,Central Midfield,2003-07-29,Borussia Mönchengladbach,10000000.0,Düsseldorf,Germany,51.2254018,6.7763137
South Korea,24,Jin-gyu Kim,https://www.transfermarkt.com/jin-gyu-kim/profil/spieler/365377,Central Midfield,1997-02-24,Jeonbuk Hyundai Motors,1200000.0,"Pohang, Gyeongbuk","Korea, South",,
South Korea,25,Ji-sung Eom,https://www.transfermarkt.com/ji-sung-eom/profil/spieler/706968,Left Winger,2002-05-09,Swansea City,1800000.0,"Gimje, Jeonbuk","Korea, South",,
South Korea,26,Dong-gyeong Lee,https://www.transfermarkt.com/dong-gyeong-lee/profil/spieler/558086,Attacking Midfield,1997-09-20,Ulsan HD FC,1600000.0,Daegu,"Korea, South",,
Spain,1,David Raya,https://www.transfermarkt.com/david-raya/profil/spieler/262749,Goalkeeper,1995-09-15,Arsenal FC,30000000.0,Barcelona,Spain,41.3825802,2.177073
Spain,2,Marc Pubill,https://www.transfermarkt.com/marc-pubill/profil/spieler/844637,Centre-Back,2003-06-20,Atlético de Madrid,35000000.0,Terrassa,Spain,41.5629623,2.0100492
Spain,3,Alejandro Grimaldo,https://www.transfermarkt.com/alejandro-grimaldo/profil/spieler/193082,Left-Back,1995-09-20,Bayer 04 Leverkusen,20000000.0,Valencia,Spain,39.4697065,-0.3763353
Spain,4,Eric García,https://www.transfermarkt.com/eric-garcia/profil/spieler/466794,Centre-Back,2001-01-09,FC Barcelona,40000000.0,Barcelona,Spain,41.3825802,2.177073
Spain,5,Marcos Llorente,https://www.transfermarkt.com/marcos-llorente/profil/spieler/282411,Right-Back,1995-01-30,Atlético de Madrid,20000000.0,Madrid,Spain,40.416782,-3.703507
Spain,6,Mikel Merino,https://www.transfermarkt.com/mikel-merino/profil/spieler/338424,Central Midfield,1996-06-22,Arsenal FC,25000000.0,Pamplona,Spain,42.815686,-1.6522353
Spain,7,Ferran Torres,https://www.transfermarkt.com/ferran-torres/profil/spieler/398184,Centre-Forward,2000-02-29,FC Barcelona,50000000.0,Foios,Spain,39.5381541,-0.3561396
Spain,8,Fabián Ruiz,https://www.transfermarkt.com/fabian-ruiz/profil/spieler/350219,Central Midfield,1996-04-03,Paris Saint-Germain,30000000.0,Los Palacios y Villafranca,Spain,37.1582119,-5.9244567
Spain,9,Gavi,https://www.transfermarkt.com/gavi/profil/spieler/646740,Central Midfield,2004-08-05,FC Barcelona,30000000.0,Los Palacios y Villafranca,Spain,37.1582119,-5.9244567
Spain,10,Dani Olmo,https://www.transfermarkt.com/dani-olmo/profil/spieler/293385,Attacking Midfield,1998-05-07,FC Barcelona,60000000.0,Terrassa,Spain,41.5629623,2.0100492
Spain,11,Yéremy Pino,https://www.transfermarkt.com/yeremy-pino/profil/spieler/568157,Right Winger,2002-10-20,Crystal Palace,30000000.0,Las Palmas de Gran Canaria,Spain,28.1288694,-15.4349015
Spain,12,Pedro Porro,https://www.transfermarkt.com/pedro-porro/profil/spieler/553875,Right-Back,1999-09-13,Tottenham Hotspur,35000000.0,Don Benito,Spain,38.9540269,-5.8619466
Spain,13,Joan García,https://www.transfermarkt.com/joan-garcia/profil/spieler/561613,Goalkeeper,2001-05-04,FC Barcelona,45000000.0,Sallent de Llobregat,Spain,41.7897201,1.8978442
Spain,14,Aymeric Laporte,https://www.transfermarkt.com/aymeric-laporte/profil/spieler/176553,Centre-Back,1994-05-27,Athletic Bilbao,8000000.0,Agen,France,44.2015827,0.6176112
Spain,15,Álex Baena,https://www.transfermarkt.com/alex-baena/profil/spieler/548111,Left Winger,2001-07-20,Atlético de Madrid,40000000.0,Roquetas de Mar,Spain,36.7630203,-2.6115886
Spain,16,Rodri,https://www.transfermarkt.com/rodri/profil/spieler/357565,Defensive Midfield,1996-06-22,Manchester City,50000000.0,Madrid,Spain,40.416782,-3.703507
Spain,17,Nico Williams,https://www.transfermarkt.com/nico-williams/profil/spieler/709187,Left Winger,2002-07-12,Athletic Bilbao,40000000.0,Pamplona,Spain,42.815686,-1.6522353
Spain,18,Martín Zubimendi,https://www.transfermarkt.com/martin-zubimendi/profil/spieler/423440,Defensive Midfield,1999-02-02,Arsenal FC,75000000.0,Donostia-San Sebastián,Spain,43.3224219,-1.9838889
Spain,19,Lamine Yamal,https://www.transfermarkt.com/lamine-yamal/profil/spieler/937958,Right Winger,2007-07-13,FC Barcelona,200000000.0,Esplugues de Llobregat,Spain,41.3778094,2.0886257
Spain,20,Pedri,https://www.transfermarkt.com/pedri/profil/spieler/683840,Central Midfield,2002-11-25,FC Barcelona,150000000.0,Tegueste,Spain,28.5180023,-16.3357755
Spain,21,Mikel Oyarzabal,https://www.transfermarkt.com/mikel-oyarzabal/profil/spieler/351478,Centre-Forward,1997-04-21,Real Sociedad,25000000.0,Eibar,Spain,43.1842839,-2.4732748
Spain,22,Pau Cubarsí,https://www.transfermarkt.com/pau-cubarsi/profil/spieler/962110,Centre-Back,2007-01-22,FC Barcelona,80000000.0,Estanyol,Spain,41.9411518,2.7406459
Spain,23,Unai Simón,https://www.transfermarkt.com/unai-simon/profil/spieler/262396,Goalkeeper,1997-06-11,Athletic Bilbao,22000000.0,Vitoria-Gasteiz,Spain,42.8505845,-2.66145
Spain,24,Marc Cucurella,https://www.transfermarkt.com/marc-cucurella/profil/spieler/284857,Left-Back,1998-07-22,Chelsea FC,50000000.0,Alella,Spain,41.4955603,2.2935325
Spain,25,Víctor Muñoz,https://www.transfermarkt.com/victor-munoz/profil/spieler/935231,Left Winger,2003-07-13,CA Osasuna,30000000.0,Barcelona,Spain,41.3825802,2.177073
Spain,26,Borja Iglesias,https://www.transfermarkt.com/borja-iglesias/profil/spieler/278359,Centre-Forward,1993-01-17,Celta de Vigo,2800000.0,Santiago de Compostela,Spain,42.9064576,-8.5192983
Sweden,1,Jacob Widell Zetterström,https://www.transfermarkt.com/jacob-widell-zetterstrom/profil/spieler/549440,Goalkeeper,1998-07-11,Derby County,2500000.0,Stockholm,Sweden,59.3251172,18.0710935
Sweden,2,Gustaf Lagerbielke,https://www.transfermarkt.com/gustaf-lagerbielke/profil/spieler/485395,Centre-Back,2000-04-10,SC Braga,10000000.0,Stockholm,Sweden,59.3251172,18.0710935
Sweden,3,Victor Lindelöf,https://www.transfermarkt.com/victor-lindelof/profil/spieler/184573,Centre-Back,1994-07-17,Aston Villa,5000000.0,Västerås,Sweden,59.6110992,16.5463679
Sweden,4,Isak Hien,https://www.transfermarkt.com/isak-hien/profil/spieler/503075,Centre-Back,1999-01-13,Atalanta BC,22000000.0,Kista,Sweden,59.4031236,17.9424221
Sweden,5,Gabriel Gudmundsson,https://www.transfermarkt.com/gabriel-gudmundsson/profil/spieler/362108,Left-Back,1999-04-29,Leeds United,20000000.0,Malmö,Sweden,55.6052931,13.0001566
Sweden,6,Herman Johansson,https://www.transfermarkt.com/herman-johansson/profil/spieler/744853,Right Midfield,1997-10-16,FC Dallas,1800000.0,Örnsköldsvik,Sweden,63.2888613,18.7160209
Sweden,7,Lucas Bergvall,https://www.transfermarkt.com/lucas-bergvall/profil/spieler/866246,Central Midfield,2006-02-02,Tottenham Hotspur,35000000.0,Stockholm,Sweden,59.3251172,18.0710935
Sweden,8,Daniel Svensson,https://www.transfermarkt.com/daniel-svensson/profil/spieler/579287,Left-Back,2002-02-12,Borussia Dortmund,22000000.0,Stockholm,Sweden,59.3251172,18.0710935
Sweden,9,Alexander Isak,https://www.transfermarkt.com/alexander-isak/profil/spieler/349066,Centre-Forward,1999-09-21,Liverpool FC,85000000.0,Solna,Sweden,59.366667,18.016667
Sweden,10,Benjamin Nygren,https://www.transfermarkt.com/benjamin-nygren/profil/spieler/475949,Attacking Midfield,2001-07-08,Celtic FC,14000000.0,Göteborg,Sweden,57.7072326,11.9670171
Sweden,11,Anthony Elanga,https://www.transfermarkt.com/anthony-elanga/profil/spieler/583189,Right Winger,2002-04-27,Newcastle United,32000000.0,Hyllie,Sweden,55.5627474,12.9758659
Sweden,12,Viktor Johansson,https://www.transfermarkt.com/viktor-johansson/profil/spieler/273742,Goalkeeper,1998-09-14,Stoke City,12000000.0,Stockholm,Sweden,59.3251172,18.0710935
Sweden,13,Ken Sema,https://www.transfermarkt.com/ken-sema/profil/spieler/252345,Left-Back,1993-09-30,Pafos FC,800000.0,Norrköping,Sweden,58.5909124,16.1903511
Sweden,14,Hjalmar Ekdal,https://www.transfermarkt.com/hjalmar-ekdal/profil/spieler/392179,Centre-Back,1998-10-21,Burnley FC,5000000.0,Stockholm,Sweden,59.3251172,18.0710935
Sweden,15,Carl Starfelt,https://www.transfermarkt.com/carl-starfelt/profil/spieler/258987,Centre-Back,1995-06-01,Celta de Vigo,4500000.0,Stockholm,Sweden,59.3251172,18.0710935
Sweden,16,Jesper Karlström,https://www.transfermarkt.com/jesper-karlstrom/profil/spieler/222855,Defensive Midfield,1995-06-21,Udinese Calcio,4000000.0,Stockholm,Sweden,59.3251172,18.0710935
Sweden,17,Viktor Gyökeres,https://www.transfermarkt.com/viktor-gyokeres/profil/spieler/325443,Centre-Forward,1998-06-04,Arsenal FC,65000000.0,Stockholm,Sweden,59.3251172,18.0710935
Sweden,18,Yasin Ayari,https://www.transfermarkt.com/yasin-ayari/profil/spieler/667287,Central Midfield,2003-10-06,Brighton & Hove Albion,35000000.0,Solna,Sweden,59.366667,18.016667
Sweden,19,Mattias Svanberg,https://www.transfermarkt.com/mattias-svanberg/profil/spieler/342405,Central Midfield,1999-01-05,VfL Wolfsburg,8000000.0,Malmö,Sweden,55.6052931,13.0001566
Sweden,20,Eric Smith,https://www.transfermarkt.com/eric-smith/profil/spieler/292534,Centre-Back,1997-01-08,FC St. Pauli,5000000.0,Halmstad,Sweden,56.6739826,12.8574827
Sweden,21,Alexander Bernhardsson,https://www.transfermarkt.com/alexander-bernhardsson/profil/spieler/633454,Right Winger,1998-09-08,Holstein Kiel,3000000.0,Göteborg,Sweden,57.7072326,11.9670171
Sweden,22,Besfort Zeneli,https://www.transfermarkt.com/besfort-zeneli/profil/spieler/715653,Central Midfield,2002-11-21,Union Saint-Gilloise,6000000.0,Säter,Sweden,60.3469718,15.7486886
Sweden,23,Kristoffer Nordfeldt,https://www.transfermarkt.com/kristoffer-nordfeldt/profil/spieler/75890,Goalkeeper,1989-06-23,AIK,175000.0,Stockholm,Sweden,59.3251172,18.0710935
Sweden,24,Elliot Stroud,https://www.transfermarkt.com/elliot-stroud/profil/spieler/687622,Left Midfield,2002-06-22,Mjällby AIF,5000000.0,Uddevalla,Sweden,58.3490555,11.9382855
Sweden,25,Gustaf Nilsson,https://www.transfermarkt.com/gustaf-nilsson/profil/spieler/320440,Centre-Forward,1997-05-23,Club Brugge KV,1800000.0,Falkenberg,Sweden,56.904894,12.4912926
Sweden,26,Taha Ali,https://www.transfermarkt.com/taha-ali/profil/spieler/731771,Left Winger,1998-07-01,Malmö FF,1500000.0,Spånga,Sweden,59.3836259,17.8981821
Switzerland,1,Gregor Kobel,https://www.transfermarkt.com/gregor-kobel/profil/spieler/257814,Goalkeeper,1997-12-06,Borussia Dortmund,40000000.0,Zürich,Switzerland,47.3744489,8.5410422
Switzerland,2,Miro Muheim,https://www.transfermarkt.com/miro-muheim/profil/spieler/298603,Left-Back,1998-03-24,Hamburger SV,5000000.0,Zürich,Switzerland,47.3744489,8.5410422
Switzerland,3,Silvan Widmer,https://www.transfermarkt.com/silvan-widmer/profil/spieler/168989,Right-Back,1993-03-05,1.FSV Mainz 05,800000.0,Aarau,Switzerland,47.3927146,8.0444448
Switzerland,4,Nico Elvedi,https://www.transfermarkt.com/nico-elvedi/profil/spieler/192635,Centre-Back,1996-09-30,Borussia Mönchengladbach,8000000.0,Zürich,Switzerland,47.3744489,8.5410422
Switzerland,5,Manuel Akanji,https://www.transfermarkt.com/manuel-akanji/profil/spieler/284730,Centre-Back,1995-07-19,Inter Milan,17000000.0,Wiesendangen,Switzerland,47.5213051,8.7889904
Switzerland,6,Denis Zakaria,https://www.transfermarkt.com/denis-zakaria/profil/spieler/334526,Defensive Midfield,1996-11-20,AS Monaco,25000000.0,Genf,Switzerland,46.2017559,6.1466014
Switzerland,7,Breel Embolo,https://www.transfermarkt.com/breel-embolo/profil/spieler/237662,Centre-Forward,1997-02-14,Stade Rennais FC,15000000.0,Yaoundé,Cameroon,3.8689867,11.5213344
Switzerland,8,Remo Freuler,https://www.transfermarkt.com/remo-freuler/profil/spieler/148252,Central Midfield,1992-04-15,Bologna FC 1909,3000000.0,Ennenda,Switzerland,47.033828,9.0779218
Switzerland,9,Johan Manzambi,https://www.transfermarkt.com/johan-manzambi/profil/spieler/927353,Central Midfield,2005-10-14,SC Freiburg,50000000.0,Genève,Switzerland,46.2017559,6.1466014
Switzerland,10,Granit Xhaka,https://www.transfermarkt.com/granit-xhaka/profil/spieler/111455,Defensive Midfield,1992-09-27,Sunderland AFC,8000000.0,Basel,Switzerland,47.5581077,7.5878261
Switzerland,11,Dan Ndoye,https://www.transfermarkt.com/dan-ndoye/profil/spieler/365108,Right Winger,2000-10-25,Nottingham Forest,32000000.0,Nyon,Switzerland,46.3820585,6.2402791
Switzerland,12,Yvon Mvogo,https://www.transfermarkt.com/yvon-mvogo/profil/spieler/147051,Goalkeeper,1994-06-06,FC Lorient,2500000.0,Yaoundé,Cameroon,3.8689867,11.5213344
Switzerland,13,Ricardo Rodríguez,https://www.transfermarkt.com/ricardo-rodriguez/profil/spieler/86784,Left-Back,1992-08-25,Real Betis Balompié,1400000.0,Zürich,Switzerland,47.3744489,8.5410422
Switzerland,14,Ardon Jashari,https://www.transfermarkt.com/ardon-jashari/profil/spieler/608172,Defensive Midfield,2002-07-30,AC Milan,25000000.0,Cham,Switzerland,47.1823761,8.4611036
Switzerland,15,Djibril Sow,https://www.transfermarkt.com/djibril-sow/profil/spieler/212723,Central Midfield,1997-02-06,Sevilla FC,7500000.0,Zürich,Switzerland,47.3744489,8.5410422
Switzerland,16,Christian Fassnacht,https://www.transfermarkt.com/christian-fassnacht/profil/spieler/250490,Attacking Midfield,1993-11-11,BSC Young Boys,2000000.0,Zürich,Switzerland,47.3744489,8.5410422
Switzerland,17,Rubén Vargas,https://www.transfermarkt.com/ruben-vargas/profil/spieler/345886,Left Winger,1998-08-05,Sevilla FC,12000000.0,Adligenswil,Switzerland,47.070535,8.368244
Switzerland,18,Eray Cömert,https://www.transfermarkt.com/eray-comert/profil/spieler/298583,Centre-Back,1998-02-04,Valencia CF,2500000.0,Rheinfelden,Switzerland,47.5543859,7.7922905
Switzerland,19,Noah Okafor,https://www.transfermarkt.com/noah-okafor/profil/spieler/346890,Left Winger,2000-05-24,Leeds United,25000000.0,Binningen,Switzerland,47.53656,7.570077
Switzerland,20,Michel Aebischer,https://www.transfermarkt.com/michel-aebischer/profil/spieler/237658,Central Midfield,1997-01-06,Pisa Sporting Club,4000000.0,Fribourg,Switzerland,46.6789116,7.1027113
Switzerland,21,Marvin Keller,https://www.transfermarkt.com/marvin-keller/profil/spieler/500763,Goalkeeper,2002-07-03,BSC Young Boys,6000000.0,London,England,51.5074456,-0.1277653
Switzerland,22,Fabian Rieder,https://www.transfermarkt.com/fabian-rieder/profil/spieler/507341,Attacking Midfield,2002-02-16,FC Augsburg,12000000.0,Bern,Switzerland,46.9484742,7.4521749
Switzerland,23,Zeki Amdouni,https://www.transfermarkt.com/zeki-amdouni/profil/spieler/548729,Centre-Forward,2000-12-04,Burnley FC,7000000.0,Genève,Switzerland,46.2017559,6.1466014
Switzerland,24,Aurèle Amenda,https://www.transfermarkt.com/aurele-amenda/profil/spieler/635645,Centre-Back,2003-07-31,Eintracht Frankfurt,10000000.0,Biel/Bienne,Switzerland,47.1402077,7.2439029
Switzerland,25,Luca Jaquez,https://www.transfermarkt.com/luca-jaquez/profil/spieler/539798,Centre-Back,2003-06-02,VfB Stuttgart,10000000.0,Luzern,Switzerland,47.052144,8.3058123
Switzerland,26,Cedric Itten,https://www.transfermarkt.com/cedric-itten/profil/spieler/243856,Centre-Forward,1996-12-27,Fortuna Düsseldorf,1800000.0,Basel,Switzerland,47.5581077,7.5878261
Tunisia,1,Abdelmouhib Chamakh,https://www.transfermarkt.com/abdelmouhib-chamakh/profil/spieler/584250,Goalkeeper,2001-08-25,Club Africain,800000.0,,,,
Tunisia,2,Ali Abdi,https://www.transfermarkt.com/ali-abdi/profil/spieler/211474,Left-Back,1993-12-20,OGC Nice,2000000.0,Sfax,Tunisia,34.7394361,10.7604024
Tunisia,3,Montassar Talbi,https://www.transfermarkt.com/montassar-talbi/profil/spieler/496706,Centre-Back,1998-05-26,FC Lorient,8000000.0,Paris,France,48.8588897,2.320041
Tunisia,4,Omar Rekik,https://www.transfermarkt.com/omar-rekik/profil/spieler/578292,Centre-Back,2001-12-20,NK Maribor,500000.0,Helmond,Netherlands,51.4790956,5.6557686
Tunisia,5,Adem Arous,https://www.transfermarkt.com/adem-arous/profil/spieler/1071742,Centre-Back,2004-07-17,Kasimpasa,4000000.0,Tunis,Tunisia,36.8002068,10.1857757
Tunisia,6,Dylan Bronn,https://www.transfermarkt.com/dylan-bronn/profil/spieler/450417,Centre-Back,1995-06-19,Servette FC,600000.0,Cannes,France,43.5515198,7.0134418
Tunisia,7,Elias Achouri,https://www.transfermarkt.com/elias-achouri/profil/spieler/645589,Left Winger,1999-02-10,FC Copenhagen,3000000.0,Saint-Denis de La Réunion,Réunion,-20.88512,55.4503282
Tunisia,8,Elias Saad,https://www.transfermarkt.com/elias-saad/profil/spieler/526466,Left Winger,1999-12-27,Hannover 96,2000000.0,Hamburg,Germany,53.5501721,10.0013165
Tunisia,9,Hazem Mastouri,https://www.transfermarkt.com/hazem-mastouri/profil/spieler/953150,Centre-Forward,1997-06-18,Dinamo Makhachkala,900000.0,Tunis,Tunisia,36.8002068,10.1857757
Tunisia,10,Hannibal,https://www.transfermarkt.com/hannibal/profil/spieler/607224,Attacking Midfield,2003-01-21,Burnley FC,15000000.0,Ivry-sur-Seine,France,48.8122302,2.3872525
Tunisia,11,Ismaël Gharbi,https://www.transfermarkt.com/ismael-gharbi/profil/spieler/810096,Left Winger,2004-04-10,FC Augsburg,5000000.0,Paris,France,48.8588897,2.320041
Tunisia,12,Mortadha Ben Ouanes,https://www.transfermarkt.com/mortadha-ben-ouanes/profil/spieler/230921,Left Winger,1994-07-02,Kasimpasa,1500000.0,Sousse,Tunisia,35.8288284,10.6405254
Tunisia,13,Rani Khedira,https://www.transfermarkt.com/rani-khedira/profil/spieler/124410,Defensive Midfield,1994-01-27,1.FC Union Berlin,2000000.0,Stuttgart,Germany,48.7784485,9.1800132
Tunisia,14,Khalil Ayari,https://www.transfermarkt.com/khalil-ayari/profil/spieler/1198342,Right Winger,2005-02-02,Paris Saint-Germain Espoirs,1000000.0,Tunis,Tunisia,36.8002068,10.1857757
Tunisia,15,Mohamed Belhadj Mahmoud,https://www.transfermarkt.com/mohamed-belhadj-mahmoud/profil/spieler/673513,Central Midfield,2000-04-24,FC Lugano,2000000.0,Sousse,Tunisia,35.8288284,10.6405254
Tunisia,16,Aymen Dahmen,https://www.transfermarkt.com/aymen-dahmen/profil/spieler/569433,Goalkeeper,1997-01-28,CS Sfaxien,800000.0,Sfax,Tunisia,34.7394361,10.7604024
Tunisia,17,Ellyes Skhiri,https://www.transfermarkt.com/ellyes-skhiri/profil/spieler/290587,Defensive Midfield,1995-05-10,Eintracht Frankfurt,5000000.0,Lunel,France,43.6745265,4.1348062
Tunisia,18,Rayan Elloumi,https://www.transfermarkt.com/rayan-elloumi/profil/spieler/1273985,Centre-Forward,2007-09-17,Vancouver Whitecaps FC,800000.0,"St. Albert, Alberta",Canada,53.633239,-113.628845
Tunisia,19,Firas Chaouat,https://www.transfermarkt.com/firas-chaouat/profil/spieler/402087,Centre-Forward,1996-05-08,Club Africain,1200000.0,Sfax,Tunisia,34.7394361,10.7604024
Tunisia,20,Yan Valery,https://www.transfermarkt.com/yan-valery/profil/spieler/406008,Right-Back,1999-02-22,BSC Young Boys,1500000.0,Champigny-sur-Marne,France,48.8137847,2.510611
Tunisia,21,Mohamed Amine Ben Hamida,https://www.transfermarkt.com/mohamed-amine-ben-hamida/profil/spieler/454495,Left-Back,1995-12-15,Esperance Tunis,1000000.0,Tunis,Tunisia,36.8002068,10.1857757
Tunisia,22,Sabri Ben Hessen,https://www.transfermarkt.com/sabri-ben-hessen/profil/spieler/295381,Goalkeeper,1996-06-13,Etoile Sportive du Sahel,550000.0,,,,
Tunisia,23,Moutaz Neffati,https://www.transfermarkt.com/moutaz-neffati/profil/spieler/1034598,Right-Back,2004-09-04,IFK Norrköping,1200000.0,Norrköping,Sweden,58.5909124,16.1903511
Tunisia,24,Raed Chikhaoui,https://www.transfermarkt.com/raed-chikhaoui/profil/spieler/1075790,Centre-Back,2004-06-09,US Monastir,600000.0,,,,
Tunisia,25,Anis Ben Slimane,https://www.transfermarkt.com/anis-ben-slimane/profil/spieler/546712,Central Midfield,2001-03-16,Norwich City,4000000.0,Kopenhagen,Denmark,55.6867243,12.5700724
Tunisia,26,Sebastian Tounekti,https://www.transfermarkt.com/sebastian-tounekti/profil/spieler/539677,Left Winger,2002-07-13,Celtic FC,5000000.0,Tromsø,Norway,69.6516345,18.9558585
Turkiye,1,Mert Günok,https://www.transfermarkt.com/mert-gunok/profil/spieler/51894,Goalkeeper,1989-03-01,Fenerbahce,500000.0,Karabük,Türkiye,41.1110349,32.6193901
Turkiye,2,Zeki Çelik,https://www.transfermarkt.com/zeki-celik/profil/spieler/251075,Right-Back,1997-02-17,AS Roma,14000000.0,Bursa,Türkiye,40.1825734,29.0675039
Turkiye,3,Merih Demiral,https://www.transfermarkt.com/merih-demiral/profil/spieler/340879,Centre-Back,1998-03-05,Al-Ahli SFC,12000000.0,Kocaeli,Türkiye,40.8216536,29.9507184
Turkiye,4,Çağlar Söyüncü,https://www.transfermarkt.com/caglar-soyuncu/profil/spieler/320141,Centre-Back,1996-05-23,Fenerbahce,3500000.0,İzmir,Türkiye,38.4192537,27.128469
Turkiye,5,Salih Özcan,https://www.transfermarkt.com/salih-ozcan/profil/spieler/244940,Defensive Midfield,1998-01-11,Borussia Dortmund,3500000.0,Köln,Germany,50.938361,6.959974
Turkiye,6,Orkun Kökçü,https://www.transfermarkt.com/orkun-kokcu/profil/spieler/454567,Central Midfield,2000-12-29,Besiktas JK,25000000.0,Haarlem,Netherlands,52.3837281,4.6435679
Turkiye,7,Kerem Aktürkoğlu,https://www.transfermarkt.com/kerem-akturkoglu/profil/spieler/382528,Left Winger,1998-10-21,Fenerbahce,20000000.0,Kocaeli,Türkiye,40.8216536,29.9507184
Turkiye,8,Arda Güler,https://www.transfermarkt.com/arda-guler/profil/spieler/861410,Attacking Midfield,2005-02-25,Real Madrid,90000000.0,Ankara,Türkiye,39.9207759,32.8540497
Turkiye,9,Deniz Gül,https://www.transfermarkt.com/deniz-gul/profil/spieler/1063292,Centre-Forward,2004-07-02,FC Porto,5000000.0,Stockholm,Sweden,59.3251172,18.0710935
Turkiye,10,Hakan Çalhanoğlu,https://www.transfermarkt.com/hakan-calhanoglu/profil/spieler/126414,Defensive Midfield,1994-02-08,Inter Milan,16000000.0,Mannheim,Germany,49.4892913,8.4673098
Turkiye,11,Kenan Yıldız,https://www.transfermarkt.com/kenan-yildiz/profil/spieler/845654,Left Winger,2005-05-04,Juventus FC,75000000.0,Regensburg,Germany,49.0195333,12.0974869
Turkiye,12,Altay Bayındır,https://www.transfermarkt.com/altay-bayindir/profil/spieler/336077,Goalkeeper,1998-04-14,Manchester United,5000000.0,Bursa,Türkiye,40.1825734,29.0675039
Turkiye,13,Eren Elmalı,https://www.transfermarkt.com/eren-elmali/profil/spieler/616894,Left-Back,2000-07-07,Galatasaray,5000000.0,İstanbul,Türkiye,41.006381,28.9758715
Turkiye,14,Abdülkerim Bardakcı,https://www.transfermarkt.com/abdulkerim-bardakci/profil/spieler/199316,Centre-Back,1994-09-07,Galatasaray,6500000.0,Konya,Türkiye,37.872734,32.4924376
Turkiye,15,Ozan Kabak,https://www.transfermarkt.com/ozan-kabak/profil/spieler/361260,Centre-Back,2000-03-25,TSG 1899 Hoffenheim,15000000.0,Ankara,Türkiye,39.9207759,32.8540497
Turkiye,16,İsmail Yüksek,https://www.transfermarkt.com/ismail-yuksek/profil/spieler/613725,Defensive Midfield,1999-01-26,Fenerbahce,15000000.0,Bursa,Türkiye,40.1825734,29.0675039
Turkiye,17,İrfan Can Kahveci,https://www.transfermarkt.com/irfan-can-kahveci/profil/spieler/216603,Right Winger,1995-07-15,Kasimpasa,3000000.0,Çorum,Türkiye,40.5698389,34.7269292
Turkiye,18,Mert Müldür,https://www.transfermarkt.com/mert-muldur/profil/spieler/353922,Right-Back,1999-04-03,Fenerbahce,7000000.0,Wien,Austria,48.2083537,16.3725042
Turkiye,19,Yunus Akgün,https://www.transfermarkt.com/yunus-akgun/profil/spieler/396908,Right Winger,2000-07-07,Galatasaray,18000000.0,İstanbul,Türkiye,41.006381,28.9758715
Turkiye,20,Ferdi Kadıoğlu,https://www.transfermarkt.com/ferdi-kadioglu/profil/spieler/369316,Left-Back,1999-10-07,Brighton & Hove Albion,35000000.0,Arnhem,Netherlands,51.984257,5.9108573
Turkiye,21,Barış Alper Yılmaz,https://www.transfermarkt.com/baris-alper-yilmaz/profil/spieler/541537,Left Winger,2000-05-23,Galatasaray,30000000.0,Rize,Türkiye,40.9569617,40.884428
Turkiye,22,Kaan Ayhan,https://www.transfermarkt.com/kaan-ayhan/profil/spieler/119031,Defensive Midfield,1994-11-10,Galatasaray,1500000.0,Gelsenkirchen,Germany,51.5110321,7.0960124
Turkiye,23,Uğurcan Çakır,https://www.transfermarkt.com/ugurcan-cakir/profil/spieler/292199,Goalkeeper,1996-04-05,Galatasaray,15000000.0,Antalya,Türkiye,36.8865728,30.7030242
Turkiye,24,Oğuz Aydın,https://www.transfermarkt.com/oguz-aydin/profil/spieler/563749,Right Winger,2000-10-27,Fenerbahce,7000000.0,Den Haag,Netherlands,52.0799838,4.3113461
Turkiye,25,Samet Akaydin,https://www.transfermarkt.com/samet-akaydin/profil/spieler/295024,Centre-Back,1994-03-13,Caykur Rizespor,1200000.0,Trabzon,Türkiye,41.0054605,39.7301463
Turkiye,26,Can Uzun,https://www.transfermarkt.com/can-uzun/profil/spieler/816585,Attacking Midfield,2005-11-11,Eintracht Frankfurt,45000000.0,Regensburg,Germany,49.0195333,12.0974869
United States,1,Matt Turner,https://www.transfermarkt.com/matt-turner/profil/spieler/425306,Goalkeeper,1994-06-24,New England Revolution,2500000.0,"Park Ridge, New Jersey",United States,41.035965,-74.0415551
United States,2,Sergiño Dest,https://www.transfermarkt.com/sergino-dest/profil/spieler/361104,Right-Back,2000-11-03,PSV Eindhoven,18000000.0,Almere,Netherlands,52.3705038,5.2185859
United States,3,Chris Richards,https://www.transfermarkt.com/chris-richards/profil/spieler/578539,Centre-Back,2000-03-28,Crystal Palace,28000000.0,"Birmingham, Alabama",United States,33.5206824,-86.8024326
United States,4,Tyler Adams,https://www.transfermarkt.com/tyler-adams/profil/spieler/332705,Defensive Midfield,1999-02-14,AFC Bournemouth,25000000.0,"Wappingers Falls, New York",United States,41.597081,-73.9169663
United States,5,Antonee Robinson,https://www.transfermarkt.com/antonee-robinson/profil/spieler/349701,Left-Back,1997-08-08,Fulham FC,22000000.0,Milton Keynes,England,52.0406502,-0.7594092
United States,6,Auston Trusty,https://www.transfermarkt.com/auston-trusty/profil/spieler/389253,Centre-Back,1998-08-12,Celtic FC,6000000.0,"Media, Pennsylvania",United States,39.9167783,-75.387693
United States,7,Giovanni Reyna,https://www.transfermarkt.com/giovanni-reyna/profil/spieler/504215,Attacking Midfield,2002-11-13,Borussia Mönchengladbach,4000000.0,Sunderland,England,54.9058512,-1.3828727
United States,8,Weston McKennie,https://www.transfermarkt.com/weston-mckennie/profil/spieler/332697,Central Midfield,1998-08-28,Juventus FC,30000000.0,"Little Elm, Texas",United States,33.1626194,-96.9375051
United States,9,Ricardo Pepi,https://www.transfermarkt.com/ricardo-pepi/profil/spieler/627207,Centre-Forward,2003-01-09,PSV Eindhoven,30000000.0,"El Paso, Texas",United States,31.7601001,-106.4870476
United States,10,Christian Pulisic,https://www.transfermarkt.com/christian-pulisic/profil/spieler/315779,Right Winger,1998-09-18,AC Milan,40000000.0,"Hershey, Pennsylvania",United States,40.2850285,-76.6534662
United States,11,Brenden Aaronson,https://www.transfermarkt.com/brenden-aaronson/profil/spieler/393323,Attacking Midfield,2000-10-22,Leeds United,22000000.0,"Medford, New Jersey",United States,39.9009472,-74.8234961
United States,12,Miles Robinson,https://www.transfermarkt.com/miles-robinson/profil/spieler/468022,Centre-Back,1997-03-14,FC Cincinnati,3500000.0,"Arlington, Massachusetts",United States,42.4153739,-71.1564428
United States,13,Tim Ream,https://www.transfermarkt.com/tim-ream/profil/spieler/145466,Centre-Back,1987-10-05,Charlotte FC,150000.0,"St. Louis, Missouri",United States,38.6254063,-90.190009
United States,14,Sebastian Berhalter,https://www.transfermarkt.com/sebastian-berhalter/profil/spieler/734761,Central Midfield,2001-05-10,Vancouver Whitecaps FC,8000000.0,London,England,51.5074456,-0.1277653
United States,15,Cristian Roldán,https://www.transfermarkt.com/cristian-roldan/profil/spieler/354792,Central Midfield,1995-06-03,Seattle Sounders FC,3500000.0,"Artesia, California",United States,33.8690197,-118.0796195
United States,16,Alex Freeman,https://www.transfermarkt.com/alex-freeman/profil/spieler/985806,Right-Back,2004-08-09,Villarreal CF,3500000.0,"Baltimore, Maryland",United States,39.2908816,-76.610759
United States,17,Malik Tillman,https://www.transfermarkt.com/malik-tillman/profil/spieler/467437,Attacking Midfield,2002-05-28,Bayer 04 Leverkusen,30000000.0,Nürnberg,Germany,49.453872,11.077298
United States,18,Max Arfsten,https://www.transfermarkt.com/max-arfsten/profil/spieler/993063,Left Winger,2001-04-19,Columbus Crew,5000000.0,"Fresno, California",United States,36.7394421,-119.78483
United States,19,Haji Wright,https://www.transfermarkt.com/haji-wright/profil/spieler/315291,Centre-Forward,1998-03-27,Coventry City,16000000.0,"Los Angeles, California",United States,34.0536909,-118.242766
United States,20,Folarin Balogun,https://www.transfermarkt.com/folarin-balogun/profil/spieler/503770,Centre-Forward,2001-07-03,AS Monaco,40000000.0,"New York City, New York",United States,40.7127281,-74.0060152
United States,21,Timothy Weah,https://www.transfermarkt.com/timothy-weah/profil/spieler/370846,Right Midfield,2000-02-22,Olympique Marseille,20000000.0,"New York City, New York",United States,40.7127281,-74.0060152
United States,22,Mark McKenzie,https://www.transfermarkt.com/mark-mckenzie/profil/spieler/429259,Centre-Back,1999-02-25,FC Toulouse,7000000.0,"New York City, New York",United States,40.7127281,-74.0060152
United States,23,Joe Scally,https://www.transfermarkt.com/joe-scally/profil/spieler/504153,Right-Back,2002-12-31,Borussia Mönchengladbach,7000000.0,"Lake Grove, New York",United States,40.8528761,-73.1151102
United States,24,Matt Freese,https://www.transfermarkt.com/matt-freese/profil/spieler/500309,Goalkeeper,1998-09-02,New York City FC,2000000.0,"Wayne, Pennsylvania",United States,41.6264414,-75.3045103
United States,25,Chris Brady,https://www.transfermarkt.com/chris-brady/profil/spieler/765504,Goalkeeper,2004-03-03,Chicago Fire FC,2500000.0,"Naperville, Illinois",United States,41.7728699,-88.1479278
United States,26,Álex Zendejas,https://www.transfermarkt.com/alex-zendejas/profil/spieler/351505,Right Winger,1998-02-07,CF América,10000000.0,Ciudad Juárez,Mexico,31.6907979,-106.4253215
Uruguay,1,Sergio Rochet,https://www.transfermarkt.com/sergio-rochet/profil/spieler/264014,Goalkeeper,1993-03-23,Sport Club Internacional,4000000.0,Nueva Palmira,Uruguay,-33.8710911,-58.4068884
Uruguay,2,José María Giménez,https://www.transfermarkt.com/jose-maria-gimenez/profil/spieler/250845,Centre-Back,1995-01-20,Atlético de Madrid,20000000.0,Toledo,Uruguay,-34.7398043,-56.0892924
Uruguay,3,Sebastián Cáceres,https://www.transfermarkt.com/sebastian-caceres/profil/spieler/532389,Centre-Back,1999-08-18,CF América,6500000.0,Montevideo,Uruguay,-34.9058916,-56.1913095
Uruguay,4,Ronald Araujo,https://www.transfermarkt.com/ronald-araujo/profil/spieler/480267,Centre-Back,1999-03-07,FC Barcelona,55000000.0,Rivera,Uruguay,-30.900058,-55.5408151
Uruguay,5,Manuel Ugarte,https://www.transfermarkt.com/manuel-ugarte/profil/spieler/476701,Defensive Midfield,2001-04-11,Manchester United,50000000.0,Montevideo,Uruguay,-34.9058916,-56.1913095
Uruguay,6,Rodrigo Bentancur,https://www.transfermarkt.com/rodrigo-bentancur/profil/spieler/354362,Defensive Midfield,1997-06-25,Tottenham Hotspur,35000000.0,Nueva Helvecia,Uruguay,-34.2849689,-57.2336726
Uruguay,7,Nicolás de la Cruz,https://www.transfermarkt.com/nicolas-de-la-cruz/profil/spieler/397458,Central Midfield,1997-06-01,CR Flamengo,18000000.0,Montevideo,Uruguay,-34.9058916,-56.1913095
Uruguay,8,Federico Valverde,https://www.transfermarkt.com/federico-valverde/profil/spieler/369081,Central Midfield,1998-07-22,Real Madrid,130000000.0,Montevideo,Uruguay,-34.9058916,-56.1913095
Uruguay,9,Darwin Núñez,https://www.transfermarkt.com/darwin-nunez/profil/spieler/546543,Centre-Forward,1999-06-24,Al-Hilal SFC,65000000.0,Artigas,Uruguay,-30.6170756,-56.9373451
Uruguay,10,Giorgian de Arrascaeta,https://www.transfermarkt.com/giorgian-de-arrascaeta/profil/spieler/248410,Attacking Midfield,1994-06-01,CR Flamengo,14000000.0,Nuevo Berlín,Uruguay,-32.9803448,-58.0569456
Uruguay,11,Facundo Pellistri,https://www.transfermarkt.com/facundo-pellistri/profil/spieler/676318,Right Winger,2001-12-20,Panathinaikos,10000000.0,Montevideo,Uruguay,-34.9058916,-56.1913095
Uruguay,12,Santiago Mele,https://www.transfermarkt.com/santiago-mele/profil/spieler/320739,Goalkeeper,1997-09-06,CF Monterrey,2500000.0,Montevideo,Uruguay,-34.9058916,-56.1913095
Uruguay,13,Guillermo Varela,https://www.transfermarkt.com/guillermo-varela/profil/spieler/188862,Right-Back,1993-03-24,CR Flamengo,1500000.0,Montevideo,Uruguay,-34.9058916,-56.1913095
Uruguay,14,Agustín Canobbio,https://www.transfermarkt.com/agustin-canobbio/profil/spieler/457533,Left Winger,1998-10-01,Fluminense Football Club,8000000.0,Montevideo,Uruguay,-34.9058916,-56.1913095
Uruguay,15,Emiliano Martínez,https://www.transfermarkt.com/emiliano-martinez/profil/spieler/707447,Defensive Midfield,1999-08-17,Sociedade Esportiva Palmeiras,4500000.0,Punta del Este,Uruguay,-34.9632342,-54.9439981
Uruguay,16,Mathías Olivera,https://www.transfermarkt.com/mathias-olivera/profil/spieler/376514,Left-Back,1997-10-31,SSC Napoli,18000000.0,Montevideo,Uruguay,-34.9058916,-56.1913095
Uruguay,17,Matías Viña,https://www.transfermarkt.com/matias-vina/profil/spieler/439072,Left-Back,1997-11-09,CA River Plate,10000000.0,Empalme Olmos,Uruguay,-34.6954579,-55.8948676
Uruguay,18,Brian Rodríguez,https://www.transfermarkt.com/brian-rodriguez/profil/spieler/465818,Left Winger,2000-05-20,CF América,6000000.0,Tranqueras,Uruguay,-31.1926186,-55.7629604
Uruguay,19,Rodrigo Aguirre,https://www.transfermarkt.com/rodrigo-aguirre/profil/spieler/189410,Centre-Forward,1994-10-01,Tigres UANL,3000000.0,Montevideo,Uruguay,-34.9058916,-56.1913095
Uruguay,20,Maxi Araújo,https://www.transfermarkt.com/maxi-araujo/profil/spieler/572675,Left-Back,2000-02-15,Sporting CP,14000000.0,Montevideo,Uruguay,-34.9058916,-56.1913095
Uruguay,21,Federico Viñas,https://www.transfermarkt.com/federico-vinas/profil/spieler/578419,Centre-Forward,1998-06-30,Real Oviedo,4000000.0,Montevideo,Uruguay,-34.9058916,-56.1913095
Uruguay,22,Joaquín Piquerez,https://www.transfermarkt.com/joaquin-piquerez/profil/spieler/496268,Left-Back,1998-08-24,Sociedade Esportiva Palmeiras,12000000.0,Montevideo,Uruguay,-34.9058916,-56.1913095
Uruguay,23,Fernando Muslera,https://www.transfermarkt.com/fernando-muslera/profil/spieler/58088,Goalkeeper,1986-06-16,Club Estudiantes de La Plata,700000.0,Buenos Aires,Argentina,-34.6095579,-58.3887904
Uruguay,24,Santiago Bueno,https://www.transfermarkt.com/santiago-bueno/profil/spieler/438001,Centre-Back,1998-11-09,Wolverhampton Wanderers,8000000.0,Montevideo,Uruguay,-34.9058916,-56.1913095
Uruguay,25,Juan Manuel Sanabria,https://www.transfermarkt.com/juan-manuel-sanabria/profil/spieler/446106,Left-Back,2000-03-29,Real Salt Lake City,8000000.0,Florida,Uruguay,-33.833333,-55.916667
Uruguay,26,Rodrigo Zalazar,https://www.transfermarkt.com/rodrigo-zalazar/profil/spieler/606752,Attacking Midfield,1999-08-12,SC Braga,16000000.0,Albacete,Spain,38.9950921,-1.8559154
Uzbekistan,1,Utkir Yusupov,https://www.transfermarkt.com/utkir-yusupov/profil/spieler/311958,Goalkeeper,1991-01-04,Navbahor Namangan,500000.0,Sayram,Kazakhstan,42.3167,69.7667
Uzbekistan,2,Abdukodir Khusanov,https://www.transfermarkt.com/abdukodir-khusanov/profil/spieler/763079,Centre-Back,2004-02-29,Manchester City,50000000.0,Tashkent,Uzbekistan,41.3123363,69.2787079
Uzbekistan,3,Khozhiakbar Alizhonov,https://www.transfermarkt.com/khozhiakbar-alizhonov/profil/spieler/492558,Right-Back,1997-04-19,Pakhtakor Tashkent,1300000.0,Tashkent,Uzbekistan,41.3123363,69.2787079
Uzbekistan,4,Farrukh Sayfiev,https://www.transfermarkt.com/farrukh-sayfiev/profil/spieler/212499,Left-Back,1991-01-17,Neftchi Fergana,225000.0,Samarkand,Uzbekistan,39.6542,66.9597
Uzbekistan,5,Rustam Ashurmatov,https://www.transfermarkt.com/rustam-ashurmatov/profil/spieler/288883,Centre-Back,1996-07-07,Esteghlal FC,750000.0,Kokand,Uzbekistan,40.5408463,70.9473889
Uzbekistan,6,Akmal Mozgovoy,https://www.transfermarkt.com/akmal-mozgovoy/profil/spieler/562022,Central Midfield,1999-04-02,Pakhtakor Tashkent,1400000.0,Qarshi,Uzbekistan,38.839824,65.7927794
Uzbekistan,7,Otabek Shukurov,https://www.transfermarkt.com/otabek-shukurov/profil/spieler/294525,Central Midfield,1996-06-22,FC Baniyas,1500000.0,Chirakchi,Uzbekistan,39.03341,66.5758025
Uzbekistan,8,Jamshid Iskanderov,https://www.transfermarkt.com/jamshid-iskanderov/profil/spieler/260857,Attacking Midfield,1993-10-16,Neftchi Fergana,1000000.0,Urganch,Uzbekistan,41.5517903,60.631281
Uzbekistan,9,Odildzhon Khamrobekov,https://www.transfermarkt.com/odildzhon-khamrobekov/profil/spieler/288915,Defensive Midfield,1996-02-13,Tractor FC,1000000.0,Namangan,Uzbekistan,40.9996482,71.6726238
Uzbekistan,10,Jaloliddin Masharipov,https://www.transfermarkt.com/jaloliddin-masharipov/profil/spieler/274536,Left Winger,1993-09-01,Esteghlal FC,1000000.0,Urganch,Uzbekistan,41.5517903,60.631281
Uzbekistan,11,Oston Urunov,https://www.transfermarkt.com/oston-urunov/profil/spieler/492556,Left Winger,2000-12-19,Persepolis FC,2000000.0,Navoiy,Uzbekistan,42.0,64.0
Uzbekistan,12,Abduvokhid Nematov,https://www.transfermarkt.com/abduvokhid-nematov/profil/spieler/527866,Goalkeeper,2001-03-20,Nasaf Qarshi,1500000.0,Jizzakh,Uzbekistan,40.1331797,67.8234081
Uzbekistan,13,Sherzod Nasrullaev,https://www.transfermarkt.com/sherzod-nasrullaev/profil/spieler/608537,Left-Back,1998-07-23,Pakhtakor Tashkent,1200000.0,Koson,Uzbekistan,39.0406833,65.5858969
Uzbekistan,14,Eldor Shomurodov,https://www.transfermarkt.com/eldor-shomurodov/profil/spieler/358166,Centre-Forward,1995-06-29,Basaksehir FK,7000000.0,"Jarkurgan, Surxondaryo Region",Uzbekistan,37.5198486,67.4865104
Uzbekistan,15,Umar Eshmurodov,https://www.transfermarkt.com/umar-eshmurodov/profil/spieler/493725,Centre-Back,1992-11-30,Nasaf Qarshi,450000.0,Koson,Uzbekistan,39.0406833,65.5858969
Uzbekistan,16,Botirali Ergashev,https://www.transfermarkt.com/botirali-ergashev/profil/spieler/312690,Goalkeeper,1995-06-23,Neftchi Fergana,500000.0,"Pap, Namangan Region",Uzbekistan,40.8743693,71.0970171
Uzbekistan,17,Dostonbek Khamdamov,https://www.transfermarkt.com/dostonbek-khamdamov/profil/spieler/294502,Right Winger,1996-07-24,Pakhtakor Tashkent,900000.0,"Bekabad, Tashkent Region",Uzbekistan,40.2320291,69.2531407
Uzbekistan,18,Abdulla Abdullaev,https://www.transfermarkt.com/abdulla-abdullaev/profil/spieler/570272,Defensive Midfield,1997-09-01,Dibba SCC,500000.0,Kurgantepa,Uzbekistan,40.733957,72.7628617
Uzbekistan,19,Aziz Ganiev,https://www.transfermarkt.com/aziz-ganiev/profil/spieler/431911,Central Midfield,1998-02-22,Al-Bataeh CSC,2000000.0,Jizzakh,Uzbekistan,40.1331797,67.8234081
Uzbekistan,20,Azizbek Amanov,https://www.transfermarkt.com/azizbek-amanov/profil/spieler/517918,Centre-Forward,1997-10-30,Dinamo Samarqand,500000.0,Zarafshan,Uzbekistan,39.5665657,67.3469505
Uzbekistan,21,Igor Sergeev,https://www.transfermarkt.com/igor-sergeev/profil/spieler/185372,Centre-Forward,1993-04-30,Persepolis FC,1200000.0,Tashkent,Uzbekistan,41.3123363,69.2787079
Uzbekistan,22,Abbosbek Fayzullaev,https://www.transfermarkt.com/abbosbek-fayzullaev/profil/spieler/754037,Right Winger,2003-10-03,Basaksehir FK,7000000.0,Sirdaryo,Uzbekistan,40.7510966,68.8979681
Uzbekistan,23,Sherzod Esanov,https://www.transfermarkt.com/sherzod-esanov/profil/spieler/989068,Central Midfield,2003-02-01,FC Buxoro,450000.0,Navoi,Uzbekistan,42.0,64.0
Uzbekistan,24,Bekhruz Karimov,https://www.transfermarkt.com/bekhruz-karimov/profil/spieler/1106187,Right-Back,2007-08-07,Surkhon Termiz,350000.0,Tashkent,Uzbekistan,41.2995,69.2401
Uzbekistan,25,Avazbek Ulmasaliev,https://www.transfermarkt.com/avazbek-ulmasaliev/profil/spieler/538764,Centre-Back,2000-03-27,FC OKMK Olmaliq,500000.0,Fargona,Uzbekistan,40.3764879,71.7913193
Uzbekistan,26,Jakhongir Urozov,https://www.transfermarkt.com/jakhongir-urozov/profil/spieler/989069,Centre-Back,2004-01-18,Dinamo Samarqand,600000.0,Viloyat Jizzax,Uzbekistan,40.0728539,67.9092497
